frame,timestamp,green_x,green_y,red_x,red_y
1,28319843793447,292,189.5,314,216
2,28320030014877,292,189.5,314.667,216.333
3,28320044909400,291.667,190,314.667,216.333
4,28320061801329,292,190,315,216.5
5,28320077063214,291.667,190.667,315,216.5
6,28320093920286,291.5,191,315.333,216.667
7,28320125018022,0,0,315.333,216.667
8,28320156177858,291.25,190.5,315.5,216.5
9,28320186294090,291.8,190.2,315.5,216.5
10,28320203986596,291.5,190.5,316.333,216.667
11,28320233075073,290.286,191.857,316.5,217
12,28320264086247,289.143,195,317,217
13,28320299305776,290,195.5,318,217.5
14,28320327339552,288.286,195.857,318.333,216.667
15,28320343567470,288.6,196.7,318.5,217
16,28320373638234,288,200,318.5,217.5
17,28320389998965,287.667,198.667,318.667,218.333
18,28320405542541,288,200.25,318.333,218.667
19,28320421670829,287.5,200.5,318.333,218.667
20,28320436945728,287,199.286,318,218.5
21,28320452012646,287.5,200,317.667,218.333
22,28320466669407,287.667,200,317.5,218
23,28320483740562,288,199.5,317.5,218
24,28320515750466,288,199.5,317.333,218.333
25,28320532195059,288,199.5,317,218.5
26,28320547051998,288,199.5,317,218.5
27,28320562095048,286.462,200.154,316.667,219.333
28,28320578668971,286.6,200.7,316.5,219.5
29,28320593797746,288,201.5,316.5,220
30,28320611350878,288,201.5,316.667,220.333
31,28320626335608,288,201.5,316.5,221
32,28320655481055,288,201.5,316.5,221.5
33,28320685437204,286.714,203.143,316.333,222.333
34,28320718250466,286.5,202.5,316.333,222.667
35,28320734309148,287,202.5,316.5,223
36,28320765439554,287,203,316.667,223.333
37,28320797396133,287,203.4,317,224.5
38,28320811385346,287.667,204.444,0,0
39,28320828276384,287.5,204.5,317.5,225.5
40,28320842983716,288.545,204.818,317.5,226
41,28320857847756,288.5,205.667,317.667,226.333
42,28320874520175,289.667,206,318.333,226.667
43,28320904359927,289,208,318.5,227
44,28320920251344,289.667,206.444,319,227.5
45,28320935850405,289.5,208.5,319.5,228
46,28320952568508,289,208,319.333,228.667
47,28320967490571,290.5,208.25,319,229
48,28320982887402,291.667,210,320.5,230
49,28320999145209,291,212,320.5,230
50,28321030671192,291.5,210.5,321,230.5
51,28321060760613,291.333,211,321.5,231.5
52,28321092497061,292.333,212.75,322,232.5
53,28321124539500,292.5,213.667,322.5,233
54,28321154995878,293.909,212.364,322.333,234.667
55,28321187568192,294.455,212.364,322.5,235.5
56,28321217955099,295.667,210.833,321,237
57,28321250366844,296.6,210.6,321.667,238.333
58,28321279751781,298.143,210.857,0,0
59,28321312449699,299.7,210.7,322.5,239.5
60,28321343593848,301.667,210.556,323,239
61,28321375124853,303,209,323.333,240.333
62,28321405517511,305.333,208.667,324.5,240
63,28321437898584,308.417,208.083,0,0
64,28321472070864,311,208,327,241
65,28321499655117,313.909,206.636,328.333,240.667
66,28321531497702,318,205.5,330.333,240.333
67,28321562655027,320.417,204.333,332.5,239.5
68,28321593347034,324.692,202.538,335.5,238.5
69,28321623847746,328,201.5,336.5,237.5
70,28321656637329,330.286,199.143,339,235.5
71,28321686378045,334.429,197.143,341.667,234.333
72,28321717784256,340,196,344.667,231.667
73,28321748229537,339.333,194.333,346.5,230.5
74,28321779963960,344.4,190.4,349.667,227.333
75,28321795211778,346.455,188.545,351.333,225.667
76,28321811826660,348.7,186.7,352.75,224
77,28321826959917,350.571,185.857,354,222.5
78,28321846969563,354,183.5,355.25,221
79,28321873395516,355.333,180.667,358,218
80,28321904699154,358,180,359.5,216.5
81,28321935719832,360.429,176.5,361.5,213.5
82,28321968588417,363.667,172.667,364,210.5
83,28322002526877,368,169.5,366.333,207.333
84,28322033281875,370.273,166.182,369,203.5
85,28322062243641,371.667,164.667,370.25,202
86,28322093077776,375.2,162.2,372.333,199.333
87,28322124302304,378.714,159.143,374.667,196.667
88,28322155434492,380,160,375.667,195.333
89,28322170041519,381.5,156.5,377,193.5
90,28322187727545,383.5,156.5,378.333,192.333
91,28322202964860,386,153.5,379.5,190.5
92,28322218673325,386.25,152.333,380.5,189.5
93,28322249487885,0,0,383.333,186.333
94,28322281317213,391.2,148.2,384.333,185.333
95,28322310383226,396,145.5,387,182.5
96,28322342391402,398,142.182,390,178.5
97,28322360540424,399.667,140.333,391.333,177.333
98,28322389302147,404.333,138.333,393.667,173.667
99,28322420225868,405,138,395,172.5
100,28322451907344,408.636,132.364,398.667,168.667
101,28322467918587,410.75,130.667,400.333,166.333
102,28322484061212,412.333,128.5,402,164.5
103,28322499796110,413,127.5,402.667,163.667
104,28322514884898,416,126.5,404.333,161.333
105,28322530406982,416.5,124,405,160
106,28322546043519,418.5,122.1,406.667,157.667
107,28322576698914,419.667,120.556,408.333,156.333
108,28322609480964,422.75,116.667,411,152.5
109,28322639728659,426,114.5,413.333,149.333
110,28322671944519,425,112,414.5,147.5
111,28322703015066,429.667,108.556,417,144
112,28322732761695,434,105.5,419.5,140.5
113,28322764787637,434.4,102.5,421,138.5
114,28322796451833,435,101,422,136.5
115,28322826787224,437.75,100.5,423.333,134.667
116,28322858466459,438.667,98.5,424.5,133.5
117,28322890229448,439.333,98.6667,425.5,132.5
118,28322905101858,439.875,97.25,425.5,132.5
119,28322922902256,439.857,97,426,132.5
120,28322938224540,439.5,96.5,426,132
121,28322952522930,439.667,96.3333,426.5,131.5
122,28322983479429,440.143,96.1429,426.5,131.5
123,28322997990066,442,95.5,427,132
124,28323014353983,440.286,95.8571,427.5,131.5
125,28323031459320,439,96,427.5,131.5
126,28323061175304,440,95,427,131
127,28323093417570,438.4,95.5,427,131.5
128,28323124768350,440,96,427,131.5
129,28323156018933,438,95.5,426.667,131.667
130,28323186483843,436,98,426.333,132.333
131,28323216923832,433.5,96.5,425.5,133.5
132,28323249754482,431.667,96.3333,425,134
133,28323279766791,430,97.5,425.5,136
134,28323295417638,427.5,98.5,425,137
135,28323313514307,426.444,99.1111,424.5,136.5
136,28323343496133,425.5,101,423.5,137.5
137,28323359648343,424.455,100,422.667,137.667
138,28323389558106,421.5,102.5,421.5,140.5
139,28323405119718,422,103.5,421,141.5
140,28323421679628,419.5,106.5,420.5,143.5
141,28323436852143,418.182,106.545,420,144.5
142,28323454285530,417,110,419,145
143,28323469420326,418,110,419,147
144,28323498905433,416,112,418.667,148.667
145,28323531049365,413.5,114.5,417.5,152.5
146,28323567748413,411.5,118.5,416.4,155.8
147,28323597184488,409.5,122.5,415.5,160
148,28323625329018,408.667,124.5,415,161.5
149,28323655207299,407.5,128.5,414.667,165.333
150,28323687531267,405.2,132.8,414,169
151,28323718728417,405,136,413.5,170.5
152,28323749478285,403,137.5,412.75,174
153,28323780316713,404,141.5,412,177.5
154,28323812919375,402,145.5,411,181.5
155,28323847330902,399.667,148.444,410.333,185.333
156,28323873549090,398.7,150.7,410,187
157,28323890727867,397.2,152.2,409.5,188.5
158,28323906967908,397.5,154.5,409,190.5
159,28323923238027,396.462,156.615,408.5,192.5
160,28323952382043,396,161.5,407.5,196.5
161,28323970027380,394,166,407.25,199
162,28323999507276,393,168,407,201
163,28324015750908,392.286,167.857,406.5,202.5
164,28324046841840,392,171.5,405.333,205.667
165,28324077683022,389.667,174.333,405,208.5
166,28324094800158,389.8,176.8,404.667,210.333
167,28324110200175,390,177.5,404,211.5
168,28324126518381,387.5,178.5,403.667,212.667
169,28324156121262,387.5,180.5,403.5,214.5
170,28324173413142,386.857,182.143,403,215.5
171,28324185544296,388,184,402.5,217.5
172,28324202295042,385.917,184.833,402,218.5
173,28324217657529,385.333,186.167,401.333,219.667
174,28324233094320,386,187.5,401,221.5
175,28324251098811,383.333,188.667,400.5,222.5
176,28324264180986,383.5,190.5,400,224
177,28324298493531,382.462,192.385,399,225
178,28324327799547,382,196,399,228.5
179,28324357797330,380.455,196.636,398.5,229.5
180,28324389382956,379.667,200.333,397.5,232.5
181,28324423103580,378,206,397,235.5
182,28324451292957,376.5,207,396,238.5
183,28324470016593,375.833,208.167,395.333,239.667
184,28324482834033,375,212,395,241.5
185,28324500543225,374.714,211.143,394.667,242.667
186,28324531005354,373.2,212.2,394.333,244.667
187,28324547039196,374,216,394,246.5
188,28324577069406,372,218.5,392.667,249.333
189,28324594154736,370.769,220.615,392.25,251
190,28324624768092,370.2,222.1,391.5,252.5
191,28324654367031,370,225.5,391,255.5
192,28324669968306,368.6,226.7,390.5,257
193,28324685530836,367.615,228.385,390,258.5
194,28324701513486,367,232,389.5,259.5
195,28324717274439,366.286,231.143,388.667,261.333
196,28324732937544,365.7,232.7,388.5,262.5
197,28324748755224,365,234.5,388,263.5
198,28324780683102,364.5,236.5,387.667,265.333
199,28324797989265,364,240,387,266.5
200,28324813349457,363,242,386.5,268.5
201,28324829897487,362.714,241.143,386,270.5
202,28324845110988,361.556,242.778,385.333,271.667
203,28324860599133,361.333,244.667,385,273.5
204,28324875579165,360.545,246.364,384.5,274.5
205,28324888629696,359.25,246.5,384,276
206,28324920563811,360,250,383.667,277.333
207,28324952268210,358.417,252.25,382.667,280.333
208,28324983639807,357.167,255.167,381.5,282.5
209,28325014395507,356.545,256.364,381.333,284.333
210,28325031555303,356,260,380.5,285.5
211,28325047532283,0,0,380.333,286.667
212,28325062491957,355.667,262,380,288.5
213,28325077385211,354.636,262.636,379,290
214,28325092527756,356,264,379.333,290.667
215,28325107821771,353.5,264.5,378.667,291.667
216,28325124505611,353.5,266.5,378.667,293.333
217,28325156016879,354,267.5,378.5,294.5
218,28325189065284,352.286,269.857,377.667,296.667
219,28325217862080,351.714,271.857,377.333,298.667
220,28325250338220,351.444,274.222,377,300.5
221,28325279855835,350.75,274.875,376.5,301.5
222,28325312293635,352,277.5,376.333,303.667
223,28325343220839,350.182,280.455,376,306
224,28325360356821,350.214,280.929,375,307
225,28325390041944,351,283,375,307.5
226,28325420667207,350.25,284,375,309.5
227,28325453529717,348.842,285.421,375,311
228,28325483720658,348.143,287.071,374,312.5
229,28325498782338,347.5,288.4,373,314
230,28325529535419,346.929,289.929,373.333,314.667
231,28325562640767,345.5,291.5,373.333,316.667
232,28325593724328,345.4,292.6,372.333,318.667
233,28325623951989,346,295.5,372,320.5
234,28325638855638,344.455,296.636,372,322
235,28325670267087,344.444,298.222,371.667,322.333
236,28325701908522,344,299,371.5,323.5
237,28325734030800,343,304,371,325.5
238,28325764253304,342.571,303.857,371,327
239,28325796168384,344,303.5,370.5,327.5
240,28325827353600,342.143,304.429,370.667,328.333
241,28325858467428,342.222,305.889,371,329
242,28325873385279,342.083,306.417,0,0
243,28325888965953,342.4,306.4,0,0
244,28325904628491,342.4,306.4,371,329.5
245,28325921101434,342.4,306.6,370.667,329.333
246,28325953002717,342.444,307.056,370.5,329.5
247,28325983322070,342.077,306.923,370.5,329.5
248,28326014935128,341.5,306.5,370.333,329.667
249,28326046748013,341.909,306.364,370.333,329.667
250,28326062781585,341.857,306,370.333,329.667
251,28326077164539,342.222,305.889,370.333,329.667
252,28326092933619,342.286,305.857,370.5,330
253,28326107967921,342.286,305.857,370,330.5
254,28326123808794,342.4,306.3,369.667,330.667
255,28326139523631,342.455,306.182,369.5,331.5
256,28326154713021,343.091,306.364,369.5,332
257,28326186154683,343.667,306.333,369.667,332.333
258,28326203565768,343.667,306.333,369.5,332.5
259,28326218859864,343.857,306.571,369.333,332.667
260,28326249568368,344.455,306.636,369,333.5
261,28326264730434,344.5,307,368.5,333.5
262,28326280208589,344.143,306.857,368.333,333.333
263,28326296521098,343.333,308,367.5,332.5
264,28326326832783,342.75,306.875,367,331.5
265,28326358346616,341,306,365.5,330.5
266,28326389426451,339,303,363.667,328.333
267,28326421694178,338,299.5,361.5,325
268,28326451822803,335,300,360.333,323.667
269,28326469475241,334.2,296.2,358.667,321.333
270,28326485305098,334,293.5,357.5,319
271,28326500906832,332,291.5,355.6,316.8
272,28326516056073,329.2,288.8,354.333,314.667
273,28326532087674,327.5,286.5,352.5,312
274,28326547559646,328,283.5,351.5,309.5
275,28326561211332,325.6,281,349.6,306.8
276,28326580773534,323.8,278.8,348,304.5
277,28326609086058,321.625,274.25,346.5,301
278,28326623550390,320.7,272.3,344.6,297.8
279,28326640303107,319.8,268.8,343,294.5
280,28326656150595,317.2,264.2,341.5,292
281,28326671747820,316,262,339.667,288.333
282,28326687351606,314.818,258.455,338.4,285.2
283,28326718850859,313.375,254.75,336.6,281.8
284,28326749240250,310.25,246.417,332.5,274
285,28326779594865,307.5,237,329.333,267
286,28326810879090,305.2,234.2,327.333,263
287,28326843384822,302.455,226.364,323.5,255.5
288,28326873394053,299.8,218.8,319.333,247
289,28326889678401,297.714,213.857,317.333,243
290,28326905531748,295.333,208.167,314.75,237.75
291,28326920994999,293.8,204.8,312.75,233.75
292,28326936574080,292,200.5,310.6,229.4
293,28326952659816,289.333,194.167,308.5,225
294,28326984216012,287.667,190.833,306.5,221
295,28327013752554,283,182,301.5,211
296,28327050314550,279.333,170.167,297,202
297,28327076646570,277.667,166.833,294.75,197.75
298,28327109331339,273.2,156.2,290.5,189
299,28327142454507,270.4,148.5,286.5,180.5
300,28327170925089,267.8,140.8,0,0
301,28327202526321,266,136.4,0,0
302,28327233864465,263.5,128.5,0,0
303,28327263907743,262,122.5,0,0
304,28327295846286,260,118,0,0
305,28327327392492,258.889,110.444,0,0
306,28327359689649,260,107.5,270,142
307,28327394640447,257.5,104.5,268.5,137.5
308,28327421752200,256,100,267.667,134.333
309,28327453121286,257.5,96.5,267,131.5
310,28327483583388,258,96,266.667,130.333
311,28327500483660,257.5,94.5,266.667,129.333
312,28327515789609,257.5,94.5,266.5,128
313,28327531025655,257.5,92.5,266.5,127.5
314,28327545757422,257.5,91,266.333,126.667
315,28327560989418,257.25,91.5,266.5,126
316,28327577716782,258.222,91.1111,266.5,125.5
317,28327593869073,257.857,91,266.667,125.333
318,28327609791162,257.857,91,267,125.5
319,28327640936202,258.182,90.8182,267.333,125.667
320,28327674938004,259.667,92,268.333,125.667
321,28327703494635,259.5,92.5,269.5,127
322,28327732930710,259.333,94,0,0
323,28327766001957,262,96,0,0
324,28327796226999,261.571,98.7143,0,0
325,28327826476773,263.667,102.667,0,0
326,28327859030997,265.286,104.714,0,0
327,28327873673610,265,108,0,0
328,28327905351090,267.2,112.2,0,0
329,28327937848182,272,119,0,0
330,28327968048033,273,126.5,289.667,158
331,28328000168691,275.2,128.2,291.5,161
332,28328030375157,278.7,136.6,296,168.5
333,28328061595203,281,144.5,300.25,175.25
334,28328077869237,283.8,148.8,302.5,179
335,28328093550702,285.8,152.8,304.5,183
336,28328108760342,287.8,156.8,306.5,186
337,28328124234528,290,161,308.5,190
338,28328156886276,290.182,164.545,310.5,194
339,28328170460877,291.2,168.2,313,198
340,28328190950232,294,176,315,202
341,28328217070005,296.75,182.583,319.4,210.2
342,28328233343877,297.875,186.625,321.333,213.667
343,28328248267506,299.2,190.2,323,217.5
344,28328279982381,302,194.5,324.667,221
345,28328311081170,303.2,202.2,328.5,228
346,28328328942723,306,207,330.333,232
347,28328358065355,307.5,214.5,333.333,238.667
348,28328389453854,308.182,218.545,335.25,242.25
349,28328420483172,310.818,226.455,338,249
350,28328451758109,314,233,340.667,255.333
351,28328483939409,315.8,240.8,343.6,261.8
352,28328513964273,316,244,345,264.5
353,28328529931020,317.5,246.5,346.333,267.667
354,28328545860075,318.4,250.5,347.333,270.667
355,28328561543889,319,251,348.5,273.5
356,28328577539391,320.364,256.636,349.667,276.333
357,28328594978826,321,258.333,350.667,279.333
358,28328610467295,324,261.5,352,282.5
359,28328623843959,323.5,264.5,352.667,284.333
360,28328641095042,324.385,266.615,353.5,286.5
361,28328657869413,325,269.286,354.667,289.333
362,28328686842465,326.143,270.857,355.5,291
363,28328703597855,328,273,356.5,293.5
364,28328718570975,327.2,275,357,295.5
365,28328733496224,328.3,276.7,357.5,297
366,28328748457383,329.333,278.667,358,298.5
367,28328765270769,329,282,358.5,300.5
368,28328781754755,329.5,280.5,358.5,301.5
369,28328812058907,329.714,281.857,358.5,303
370,28328842801296,332,283.5,358.667,304.667
371,28328874873786,330.444,283.889,358.333,305.667
372,28328906731653,330.3,284.2,358,306.5
373,28328921850870,330,284,357.5,306.5
374,28328936316687,329.667,283.833,357,306.5
375,28328953915341,330,283.5,356.5,306
376,28328969306610,328.538,282.846,355.5,305.5
377,28328985131202,327,282,354.667,305.333
378,28329001196931,327.333,280.444,353.5,304.5
379,28329030480024,328,279.5,352.5,303.5
380,28329062630274,325.333,276.667,350.5,301.5
381,28329094448451,322.8,272.8,348.333,298.667
382,28329123971979,321,268.5,346,296
383,28329139653822,320.455,266.636,344.333,293.667
384,28329154679376,319.5,264.5,342.5,291.5
385,28329172325280,318.545,262.364,341.5,289.5
386,28329201374472,318,262,339.5,287.5
387,28329217900173,316.455,256.636,338.333,285.667
388,28329233599755,315.333,254.444,336.667,283.333
389,28329248647773,316,251.5,335.333,280.667
390,28329264314118,313.333,248.667,333.667,278.333
391,28329282746613,312.7,246.3,332,276
392,28329295407237,311.2,242.2,330.5,273
393,28329311445777,310.545,240.364,328.667,270.333
394,28329342594300,309.5,236.5,327.333,267.667
395,28329358389165,308.444,232.778,325.5,264.5
396,28329373226205,307.375,230.75,323.667,261.333
397,28329389598519,305.571,226,322.333,258.667
398,28329404504004,305.333,222.167,320.4,255.2
399,28329436419921,304,222,318.5,252
400,28329467752098,301.333,212.667,315,245.5
401,28329500371068,298.3,204.7,311.333,238.667
402,28329530070312,295.25,199.25,307.5,232
403,28329547102911,294.545,194.636,305.667,228.333
404,28329562457973,293.5,190.5,303.75,224.75
405,28329594485454,291.2,186.2,302,221
406,28329627053151,289,182,298.5,214
407,28329656873193,285.25,172.5,0,0
408,28329693058890,283.333,164.167,291.5,200
409,28329718006971,281,161.5,290,196.5
410,28329734246418,280.7,158.3,288.25,193.25
411,28329749084403,279.5,154.5,286.75,189.75
412,28329763948632,278.3,150.7,285.333,186.667
413,28329780465504,277.8,148.8,284,183.5
414,28329796329543,276.3,144.7,282.667,180.333
415,28329827644251,275.8,142.8,281.333,177.667
416,28329844874922,274.3,138.7,280.333,174.667
417,28329857888004,273.5,136.5,279.4,172.2
418,28329875669151,272.714,133.857,278.5,169.5
419,28329890962977,271,132,277.5,166.5
420,28329921657792,270.455,126.636,276,162.5
421,28329953124024,269.667,124.667,275.5,160.5
422,28329984692316,269.25,120.875,274.667,156.333
423,28330014973680,267,117.5,274,153
424,28330046463537,267.5,114.5,274,150
425,28330078059693,267.667,114,273.667,148.667
426,28330108953174,268,111.5,273.667,146.667
427,28330140521466,266.5,110,274,146
428,28330170922305,268,110,274.667,144.333
429,28330188063444,266.125,109,275,143.5
430,28330217416899,266.222,109.111,275.5,143.5
431,28330233948864,265.667,108.833,276,143
432,28330251138441,265.333,110,276.5,143.5
433,28330267072059,265,109.5,277,143
434,28330281924354,265.25,109.75,277.667,144.333
435,28330297342056,266.111,110.556,278.333,144.667
436,28330312387239,268,111.5,0,0
437,28330342580745,267.333,112.667,280.333,145.667
438,28330360663995,268,113.5,281.333,146.667
439,28330375899501,267.5,114.5,282.333,147.667
440,28330390941228,268.25,116.125,283.333,148.667
441,28330404349104,270,118,284.333,149.667
442,28330421095557,270,119.5,285.5,151.5
443,28330437021075,269.2,120.8,286.667,152.333
444,28330454127789,269,123.5,288,154.5
445,28330469352549,272,125,289.5,156
446,28330498800504,271,128,290.5,157.5
447,28330530762645,273.5,132.5,294,162.5
448,28330547418486,274.3,134.7,295.5,164
449,28330562951721,276,138.5,297.333,166.667
450,28330578369504,276.5,140.5,298.5,169
451,28330594896285,277,144,300.333,171.667
452,28330610699547,279.8,146.8,302,174.5
453,28330639080678,279,149.5,303.5,176.5
454,28330670192886,282.7,156.3,307.25,182.25
455,28330701640299,283,160,308.333,184.667
456,28330734049371,286.636,166.455,312.5,191
457,28330765503939,290,173.5,315.5,197
458,28330796059731,291.5,182,318.5,203
459,28330828297947,294.25,186.417,321.667,209.333
460,28330858969893,295.8,190.8,323.5,212.5
461,28330890107886,297.625,196.25,326.333,218.667
462,28330920934758,300,204,329.333,224.667
463,28330951736547,302.5,210.5,331.5,230.5
464,28330969444065,303,212.5,332.75,233.75
465,28330999124571,304.909,216.727,334.333,236.667
466,28331030391786,307.429,223,336.5,242.5
467,28331061680223,309.8,228.8,338.5,248
468,28331096809167,311,236,340.5,253.5
469,28331125590357,311.571,236.286,341.667,256.333
470,28331155665954,313.2,240.2,343.667,261.333
471,28331186176062,315,246,345,266
472,28331202020472,318,247.5,345.667,268.333
473,28331222973066,317.8,250.8,347.333,269.667
474,28331249996853,317.5,252.5,348.5,271.5
475,28331281180179,318.444,255.889,349.5,274.5
476,28331311778928,319.5,258.5,0,0
477,28331343542187,320.3,262.7,352,281.5
478,28331373527820,320,268,352.333,283.333
479,28331390314827,319.8,268.2,0,0
480,28331406760770,320,271.5,0,0
481,28331437166874,318.538,274.615,352.333,288.667
482,28331453374974,319.333,276.667,352.667,291.333
483,28331467282485,319.667,280,353,293.5
484,28331483330151,319,284,353,295.5
485,28331499976353,319,286,352.667,297.667
486,28331531315712,320,285.5,352.5,299.5
487,28331561406861,318.083,288.417,352,303.5
488,28331577673929,317.909,290.364,351,305.5
489,28331593749999,317.333,292.556,351,307.5
490,28331609264037,317.5,294.5,350.333,310.333
491,28331624453130,317.667,296.667,349.667,312.667
492,28331641433511,316.714,299.143,349,315.5
493,28331670865887,316.444,302.222,348.25,318
494,28331703249876,315.333,306.333,346.5,323.5
495,28331734349043,313.2,312.8,0,0
496,28331764557021,311,316,345,331.5
497,28331782411716,311.667,318.667,344,334.5
498,28331796751848,312,321.5,343,337
499,28331811019161,312,323.5,342.5,339.5
500,28331827874019,310,328,341.333,342.333
501,28331843061033,309,328.25,340.667,343.667
502,28331873648793,308.444,330.222,340,346.5
503,28331905019958,307.667,334.667,338.667,350.667
504,28331936384643,305,339.5,337.5,354.5
505,28331969273424,304.5,342.5,336.5,358.5
506,28331999161614,303.667,344.333,335.667,360.333
507,28332014055651,303.5,346.5,335.333,362.333
508,28332029919015,303.333,348.333,335,364.5
509,28332062150238,302.714,353.143,334.667,368.333
510,28332077993460,301,355.5,334.333,370.333
511,28332092520027,0,0,334,372.5
512,28332110403558,301.75,358.5,333.667,374.333
513,28332141096861,302,361.5,333.5,376
514,28332171410625,302,365.5,333,380
515,28332186750864,299,367.5,333,381.5
516,28332203497506,299,370,332.667,383.333
517,28332217134531,299.667,370.667,332.5,385
518,28332234753084,299.5,372.5,332.5,386
519,28332249130395,299,376,332,387.5
520,28332264897045,300,375.5,0,0
521,28332280213524,298.714,377.143,332,390.5
522,28332311534334,297.667,378.333,0,0
523,28332329496921,0,0,331,393
524,28332359760600,296.545,382.455,330.5,395.5
525,28332374195448,298,383.5,329.667,396.667
526,28332388674900,296,385,329.5,398
527,28332406301526,295.5,386.5,328.5,399
528,28332419991174,296,387.5,328.5,400
529,28332453355911,293.667,388.667,327,401
530,28332483309900,292.5,391,326.5,403.5
531,28332515130237,291.5,392.5,325,405
532,28332545878944,292,393.5,324.5,406
533,28332578106036,289.2,394.8,0,0
534,28332593950635,288.875,396,0,0
535,28332610850772,288.455,396.636,322,409
536,28332625128804,287.5,396.5,322,410
537,28332639772038,287.5,398.5,322,411
538,28332655832637,288,399.5,320.5,412
539,28332672851844,286.455,400.364,320.5,413
540,28332703256220,285.25,400.75,320,413.5
541,28332733476726,286,403.5,0,0
542,28332763753986,284.444,404.556,318.5,417
543,28332794994768,283,406,0,0
544,28332813555945,283.091,406.364,317.5,418.5
545,28332843724503,284,407.5,316.5,420
546,28332874222704,281,409.5,316,421.5
547,28332905235120,282.25,410.125,315.5,422.5
548,28332937122849,282,411.5,0,0
549,28332968992029,280.75,413.25,314.5,425.5
550,28333000282383,280.5,414.4,314,426.5
551,28333029525597,279.833,414.5,0,0
552,28333046750058,280,416,313.5,428
553,28333062851751,279.5,416.5,313.333,428.667
554,28333092648627,280,417.5,312.5,430
555,28333124879148,278.778,418.222,312.5,431
556,28333139425479,278.769,418.615,312.5,431.5
557,28333157695866,280,419.5,312.5,432
558,28333187358822,280,419.5,312.5,432
559,28333203351192,280,419.5,312,432.5
560,28333218227247,280,419.5,312,432.5
561,28333232927019,278.222,419.889,311,433
562,28333248171408,278.3,420.2,311,433
563,28333264927635,278.444,420.222,311,433
564,28333281009699,277.5,420.5,311,433
565,28333296876654,278.154,420.538,311,433
566,28333311843024,278.444,420.222,311.5,433
567,28333326942909,278.444,420.222,311.5,433
568,28333357901595,278.583,420.083,312,433
569,28333374591159,278.667,419.667,312,433
570,28333390156551,280,419.5,311.5,433
571,28333406942505,280,419.5,311.5,433
572,28333421920620,280,419.5,311.333,432.667
573,28333437480801,280,419.5,311.5,432.5
574,28333452102003,280,419.5,311.5,432.5
575,28333482439338,279.667,419.667,311.5,432
576,28333499081301,278.846,418.462,311.5,432
577,28333515016890,278.778,418.222,311.5,432
578,28333530375219,279.333,418.167,311.5,432
579,28333546029144,279.75,417.5,311.333,432.333
580,28333561832595,279,417,311.333,432.333
581,28333579859523,279.5,416.5,311.5,432
582,28333592748486,279.429,416,311.5,432
583,28333623532239,280,414.8,311,432.5
584,28333655532477,280,414,311,431.5
585,28333686731787,279.25,413.5,310.667,431.333
586,28333701521631,280.333,412.5,310.5,431.5
587,28333717158087,280.444,411.889,310.5,431.5
588,28333734159744,282,411.5,310.5,431
589,28333749306177,282,411.5,311,431
590,28333765822212,282,411.5,311,430.5
591,28333781559081,280.571,411.143,311.5,430.5
592,28333797672789,280.714,411.143,311.5,430
593,28333813115925,280.615,410.615,0,0
594,28333827538137,280.556,410.222,311.5,429.5
595,28333843396452,282,409.5,311.5,429.5
596,28333858434858,281.5,408.5,311,429.5
597,28333890396513,281.444,408.222,311,429.5
598,28333921496544,281,407.286,311,429
599,28333953119160,281.909,406.364,310.5,429
600,28333983046203,281,406,310.5,428.5
601,28334014653051,281.667,402.667,310,427.5
602,28334045316978,282,404,309.333,426.667
603,28334078200089,281.857,400,308.333,426.667
604,28334109301713,281,399.5,308,426.5
605,28334139924924,282,400,307.5,425
606,28334172281373,282.333,395.167,306.333,423.667
607,28334202464889,284,393.5,305.333,422.667
608,28334217699855,0,0,304,422.5
609,28334235339468,286,389.5,302.667,421.667
610,28334265674886,285.5,386.5,302,420
611,28334299656249,285.667,382.167,300.333,416.667
612,28334327336568,287.667,378.333,298.5,413.5
613,28334359196244,290,375.5,297.5,411
614,28334389699764,292,371.5,295.5,406.5
615,28334406484098,291.25,368.5,295,404.5
616,28334421258093,293.75,366.5,294.333,402.667
617,28334436339186,294,366,294,400.5
618,28334451433806,293,363.5,0,0
619,28334468213199,294.667,362.5,293.5,398
620,28334483324721,296,361.5,293,396
621,28334500772634,295.333,360.556,293,396.5
622,28334530744281,294.875,359.75,292.5,395.5
623,28334549011131,0,0,292,395.5
624,28334578119237,295.444,360.222,291,395
625,28334609244189,295.5,360.5,291,396.5
626,28334640370761,293.667,362.333,289.333,398.333
627,28334671214832,292.714,365.143,288,400.5
628,28334702370348,291,370,286.333,403.333
629,28334718329562,290.714,369.143,285.5,404.5
630,28334732753016,289.667,370.333,284.667,405.667
631,28334749231413,290,371.5,284,406.5
632,28334780758314,287.5,372.5,283,407.5
633,28334812544550,285,375.5,281,410.5
634,28334844078795,283.667,378.556,278.5,413.5
635,28334873598732,284,379.5,278,414.5
636,28334904676299,280,382.5,275,418
637,28334937376917,278,386,273,420.5
638,28334968359579,276,387.5,270,422.5
639,28335000160611,273,390,269,423.5
640,28335031331706,271.333,388.833,267,424
641,28335062473128,269.909,388.636,266,424.5
642,28335078450594,269.8,388.3,266,423
643,28335093295356,269.5,388.5,266,423
644,28335110490684,272,387.5,266.333,422.667
645,28335125892375,271.5,386.5,267,422
646,28335155486886,272.182,384.455,268,419.5
647,28335187934244,274.818,380.545,270,416
648,28335218284026,277.333,376.444,272.333,411.333
649,28335249095751,280,374,273.5,408.5
650,28335265281819,280.545,370.364,275,405.5
651,28335279629916,281.2,368.8,276.333,402.333
652,28335296123568,283.8,364.2,277.333,400.333
653,28335311598159,285.5,362.5,278.667,396.667
654,28335326682330,286.818,358.545,280,394
655,28335359204073,289.75,353.5,282.4,387.8
656,28335376358307,290.706,349.588,283.667,384.667
657,28335405070026,292.385,348.385,284.667,382.667
658,28335436410492,298,344,286.5,378.5
659,28335452379291,296.4,342.133,287.5,376.5
660,28335467544705,297.867,340.867,288.333,374.333
661,28335483580437,298.214,338.929,289,372.5
662,28335499586496,300.125,337.125,290,371
663,28335514448565,299.867,336.4,290.667,369.667
664,28335529923021,300.5,334.714,291,368.5
665,28335565749942,302.333,333.333,0,0
666,28335592560159,301.091,330.909,291.5,365
667,28335623848434,302.154,328.385,291.5,362.5
668,28335655187874,301.5,328.6,291,362.5
669,28335673197144,302,327.5,290,361.5
670,28335688962309,299.833,326.5,289,362
671,28335703708575,300,327.5,288,361.5
672,28335718768797,297,327,286.5,361.5
673,28335733991046,298,327.5,285,362
674,28335753845469,294.714,328.643,283.667,362.667
675,28335780652797,294,329.5,282.333,363.333
676,28335810970125,289.1,332.7,278.667,366.667
677,28335843569250,285,336.7,274.5,371
678,28335874551858,281.111,340.556,271.5,375.5
679,28335892142844,279.8,342.2,269.667,377.667
680,28335907069011,277.8,344.2,268,379.5
681,28335936776895,276,346.857,266.5,381.5
682,28335968262567,272.5,350.5,263.5,386
683,28335999598605,269.667,354.556,261,389
684,28336034421909,267,360,258.667,392.667
685,28336062180312,266,362,257.5,394.5
686,28336093058592,264,361,255.333,398
687,28336124345598,261.5,366.5,253,402
688,28336157043975,259.667,370.556,252,404.5
689,28336186592829,259.75,372.5,251.333,406.333
690,28336203310743,257,373.5,250.333,408.333
691,28336218770592,257.667,374.667,249,410
692,28336232788020,256.5,376.5,249,411.5
693,28336249558854,256,380,248,412.5
694,28336264848441,256,379.5,247.333,414.333
695,28336279942224,254.333,380.5,246.667,415.667
696,28336296669075,253.3,382.3,246,416.5
697,28336311188190,254,383.5,245,418
698,28336342835592,251.9,384.3,245,419.5
699,28336373891856,251.167,386.167,244,420.5
700,28336405670721,249,387.5,243,421.5
701,28336436269335,0,0,242.333,422.333
702,28336467945924,248.417,388.25,242,423
703,28336499010396,247.333,388.444,240.333,423.333
704,28336515561153,247.333,388.167,0,0
705,28336530743604,246.455,388.364,240,423
706,28336547472048,246,388,238.5,423
707,28336560768333,245.125,387.75,238,422.5
708,28336592666700,246,387.5,237.5,422.5
709,28336623757011,243.75,386.75,236.5,421.5
710,28336655525913,243.8,384.2,235.5,420
711,28336687026867,242.7,384.3,235,418.5
712,28336717920861,242.286,381.857,234.333,416.667
713,28336733670852,242.182,380.455,234,415.5
714,28336748503896,241,379.5,234,414.5
715,28336764162114,241.5,378.5,0,0
716,28336780511343,242,380,233.5,412.5
717,28336796658396,241.5,376.5,233,411
718,28336812514524,240.455,376.182,232.5,411
719,28336842630459,239,375.5,231.5,410.5
720,28336875362316,238.125,374,230,410
721,28336906124712,235,374,227.667,408.333
722,28336922219331,234.5,372.714,226.5,407.5
723,28336937363280,233.5,372.5,225,407.5
724,28336952675439,231.8,372.2,223,407
725,28336983750441,232,371.5,221.667,406.667
726,28337015372544,227.5,370.5,218.5,405.5
727,28337045806458,226,369.5,215.5,404.5
728,28337078000043,224,369.5,214,404.5
729,28337108329116,219.667,367.833,210.667,403.333
730,28337125293891,217.75,367,209.5,402.5
731,28337140822833,216.6,366.6,207.5,402
732,28337156343243,214.857,366.143,206.333,401.333
733,28337170360347,213,363,205,400.5
734,28337186811096,211.667,364.167,203.5,399
735,28337202378810,210.714,363.143,201.667,398.333
736,28337219859960,209.5,362.5,200.5,397.5
737,28337249007513,207,362,199,396.5
738,28337281493076,205.667,360,196,394.5
739,28337312434509,204,357.5,193,392.5
740,28337343314517,201.5,356.5,192,392.5
741,28337374851975,198.571,355.143,189.333,390.667
742,28337390827200,198,355.5,188,390.5
743,28337406767892,195.667,354.556,187,389.5
744,28337421521664,194.571,353.143,185.5,388.5
745,28337437721583,193.5,352.5,184.5,388
746,28337453861940,192,354,183,387.5
747,28337468775849,190.714,351.143,181.5,386.5
748,28337482913157,189.333,350.667,180.333,385.667
749,28337514538095,187.429,350,178.667,385.333
750,28337545797642,184.455,348.727,175.5,384
751,28337577188166,182.167,348.5,173.333,383.333
752,28337594483421,180.429,347.143,171.5,383
753,28337609815614,180,347.5,169.5,382.5
754,28337640049161,174.231,346.385,165,381.5
755,28337654631159,171.5,346.5,162.667,381.333
756,28337671177839,169.8,346.2,160.667,380.667
757,28337702155695,168,345,158.5,380.5
758,28337733598410,162.667,345,153.5,380.5
759,28337766087672,158,345.5,147.5,380.5
760,28337796707427,152,344.5,142.5,380.5
761,28337826731049,148.5,345.333,139.667,380.667
762,28337857979310,142.5,346.333,134.333,381.333
763,28337889485448,138,348,128.5,382
764,28337920904268,132.667,347,123.5,382.5
765,28337951914335,126.917,348.667,118.5,383.5
766,28337969803806,125.667,349.667,115.5,384.5
767,28338000194412,121,349,113.5,384.5
768,28338016974642,119.5,350.5,110.5,385.5
769,28338047204166,116,351.5,105.5,386.5
770,28338077301390,109.333,352.167,100.333,387.333
771,28338107726286,106.615,352.538,98,387.5
772,28338139434951,102,354,92.5,388.5
773,28338155679582,100,353.5,90,389
774,28338172056837,96.8,353.2,87.5,389
775,28338186894579,93.5,354.5,84.5,389.5
776,28338202154466,91.2,354.2,82.5,389.5
777,28338222347037,89.5,353,80.3333,389.333
778,28338249419748,0,0,77.5,389
779,28338280839540,84.5,352.667,72.6667,387.667
780,28338312176820,82,351.5,68.5,386
781,28338343227225,78.6364,348.364,65,383.5
782,28338358815891,78.3,346.9,62.6667,381.333
783,28338375789198,77.6667,344.667,61,378.5
784,28338405203025,77.5,342.5,59.25,376.25
785,28338422459157,76.75,340,57.5,373.5
786,28338452520957,76,335.5,55,368.5
787,28338483800511,74.7143,333.143,53.6667,365.333
788,28338498692928,74.3,330.3,52.5,362
789,28338515264232,73,327.5,51.3333,358.667
790,28338531266430,73.5,324.5,50,355.5
791,28338546568221,73,324,48.6667,352.333
792,28338562357281,73.8,318.2,47.6,348.8
793,28338578384508,73,318,47,345
794,28338593488200,73.5,312.5,46,341
795,28338608894238,74,308.5,45.75,337
796,28338624176292,74,308,45,333
797,28338655633533,74.3846,302.615,45,329.5
798,28338671295801,74.7,298.7,44.5,325.5
799,28338687471204,75,296.4,44,322.5
800,28338717751191,75.5,290.5,43.6,316.2
801,28338733137249,75,290,43.5,312.5
802,28338748946019,76,284.5,43,309.5
803,28338780182994,75.5,282.5,42.75,306
804,28338812084898,76.0833,276.667,42.5,299.5
805,28338842126880,76.5833,270.75,42.3333,292.333
806,28338873780114,77.8,266.2,42.4,288.8
807,28338904819854,77.6667,260.667,42.5,281.5
808,28338936252633,78.4545,254.364,42.5,274
809,28338953752548,79,250.545,42.6,270.2
810,28338967627524,79.8,246.2,42.75,267
811,28338983234766,79.625,244.75,43,263
812,28338999686136,79.5,240.5,43,259.5
813,28339015525659,80.2857,237.857,43.5,256
814,28339045493877,81.3333,234.333,43.5,252.5
815,28339077504186,81.6667,228.667,43.75,246
816,28339108001172,82.7692,222.538,44.6,239.2
817,28339139551725,83.2,220.8,44.6667,235.667
818,28339155642753,84.4615,217,45.5,232.5
819,28339172144748,84.9091,214.545,46,229.5
820,28339188041538,87,212,46.5,226.5
821,28339204003263,86.8182,208.545,47.5,223
822,28339220283507,87.2,206.8,48.5,220
823,28339235987544,90,202.875,49.6667,216.667
824,28339251793155,90.8,200.8,51.4,212.8
825,28339267151835,93,196.5,53.5,209
826,28339281681750,96,194.5,55,205.667
827,28339313247558,97.5,190.5,57.3333,202
828,28339343279469,101.889,184.444,61.5,194
829,28339373730744,108,177.5,66.2,186.2
830,28339406039862,109,175,68.6667,182.667
831,28339437527019,114.818,166.545,74.25,173.75
832,28339468978671,120.182,160.455,79.3333,166.333
833,28339499114208,126.909,152.364,84.5,158.5
834,28339531211646,128.286,150.143,87.6,154.2
835,28339561491363,134.7,142.7,92.8,146.8
836,28339577498907,136.5,141,95.6667,143
837,28339592647149,140,136.333,97.6667,139.667
838,28339608941541,141.2,134.8,100.167,136
839,28339623967311,144.2,130.8,102,132.5
840,28339655761026,146,128.5,104.5,129.5
841,28339672664727,147.625,126.75,106,126.5
842,28339688091852,0,0,108,123.5
843,28339703875485,152,122.5,109.667,120.667
844,28339718759667,152.571,119.857,111.5,118.5
845,28339733818296,156,117.5,112.8,116.4
846,28339748569665,156,115.4,114.333,114.333
847,28339764804603,157.667,114.556,116.333,112.333
848,28339780752936,158.769,112.769,117.5,110.5
849,28339797829329,162,111.5,119.5,108.5
850,28339813510416,162.429,110.286,121,107
851,28339843767291,163.333,108.667,122.5,105.5
852,28339873817670,165.333,106.333,126.5,101.5
853,28339905724461,170.917,102.667,130.5,97.5
854,28339939120221,173.5,100.7,132.8,95.4
855,28339968837339,178,97,137.5,91
856,28339998542388,184,94,141.5,86.5
857,28340031217842,186.5,90.1,146.5,82.5
858,28340062516701,188.846,88.5385,149,80.5
859,28340092953720,196,85.5,154.667,77.3333
860,28340108416566,196.4,85,157,76.25
861,28340124404994,199.5,84.4,159.5,75.5
862,28340155443438,202.769,84.3846,163.5,74.5
863,28340171768853,204.615,84.2308,165.5,74.5
864,28340187481341,205.667,84.3333,166.667,74.3333
865,28340217088839,207.5,84.5,168,73.75
866,28340248806846,212,83.5,172,73
867,28340280738882,213.5,84,174.5,72
868,28340312813289,215,83,176.5,71.5
869,28340343752940,218.583,82.0833,179.5,70.5
870,28340373169116,220.538,82.1538,182.5,69.5
871,28340391858246,221.5,81,183.333,69.6667
872,28340406297846,224,81.5,184.5,69
873,28340421009741,223.5,82.5,185.5,68.5
874,28340436351627,224.455,81,186.5,68
875,28340468678403,225.667,80.3333,187.5,67.5
876,28340498672730,227.5,80.5,188.667,66.6667
877,28340514493191,227.667,78.6667,189,66
878,28340530287705,230,77.5,190.5,65
879,28340561929356,229.667,76.6667,191,64
880,28340592971661,232.4,74.1,193.667,61.3333
881,28340624278053,236,71.5,196,58.75
882,28340656563195,236.545,68.8182,198,56
883,28340686122120,238,68,198.667,54.6667
884,28340718336333,238.571,65.8571,199.667,52.3333
885,28340749807344,240,64,200.667,50.3333
886,28340780864229,239.5,62.5,201.5,48.5
887,28340811872001,240.5,59.6667,201.667,46.3333
888,28340842881204,240.75,58.375,202.5,45.5
889,28340873957799,240.333,55.8333,201,44.75
890,28340905686903,239.75,54.4167,199.5,44.5
891,28340937687789,238.5,53.6667,198.5,45
892,28340967255867,238.583,52.9167,198,45.3333
893,28340999532315,237,53,196.5,47
894,28341015544125,238,53.5,195,48
895,28341047117493,233,52,192,51.25
896,28341077806530,231.909,54.3636,190.333,53.3333
897,28341109293120,227,56,187.5,56.5
898,28341140155443,226.667,57.4444,184.5,60
899,28341171667521,222.714,59.8571,181,64.5
900,28341201759966,220.571,61.8571,179.333,66.6667
901,28341218443158,220.154,62.3846,178.667,67.6667
902,28341249282396,219.667,65.6667,177.5,70.5
903,28341280032804,217.167,67.8333,176.333,73.3333
904,28341311507244,216.714,70.5,175.5,75.5
905,28341342521766,216.714,71.8571,175.333,76.3333
906,28341358285203,216.583,72.9167,174.5,77.5
907,28341389632608,215.5,77,174,80.25
908,28341405581616,215.2,76.8,173,82
909,28341421334847,214.917,78.4167,173.5,83.5
910,28341436210659,214.769,80.7692,173.667,85.3333
911,28341452146140,214.6,82.6,173.5,87.5
912,28341469306152,214.636,84.5455,172.667,89.6667
913,28341483089949,0,0,172,92.5
914,28341499990437,212.636,90.6364,171.333,95.3333
915,28341532874385,212.385,92.3846,170.6,98.2
916,28341562102884,210.917,98.4167,169.5,104.5
917,28341579836187,210.286,101.857,169.5,106.5
918,28341592701633,210.357,104.286,168.75,110
919,28341608751567,210,110,168.5,113.5
920,28341624729303,208.833,110.667,167.5,116.5
921,28341655123203,208.3,114.3,166.667,119.667
922,28341686178792,206.556,120.444,165.5,126.5
923,28341718165125,206,123,164.5,131.5
924,28341749641482,205,130,164.5,134.5
925,28341780454422,204.571,132.5,163.667,139.667
926,28341812236203,203.667,138.667,162.5,144.5
927,28341842656860,204,141.5,161.667,148.667
928,28341877989681,0,0,161.333,154.333
929,28341905126436,202,148,160.5,156.5
930,28341936948582,200.714,151.143,160.333,161.333
931,28341967910373,199.667,154.667,159.5,166
932,28341999758412,199.667,156.333,159.5,168
933,28342031116968,200,160,159.5,172
934,28342061376732,199.667,162.667,160.333,174.667
935,28342093046328,198.571,163.857,160.333,178.333
936,28342123823709,198.556,163.889,160.5,179.5
937,28342155481155,198.6,164.7,160.333,182.333
938,28342187723475,198.375,165.75,162,184
939,28342218727035,198.625,167.25,161.5,185.5
940,28342234971315,197,167,161.667,186.667
941,28342248253830,197.5,168.5,161.5,187.5
942,28342280880414,198.5,168.667,162.5,188.5
943,28342311471576,200,169.5,163.333,190.333
944,28342343283867,198.571,171.857,163.5,192.5
945,28342373843250,198.556,172.222,164.5,193.5
946,28342405210635,199,174,165.5,195.5
947,28342423320588,200.571,173.857,166.333,195.333
948,28342438998030,202,174.5,166.5,195.5
949,28342454204322,202.714,173.143,167,196
950,28342469451141,204,173.5,168.5,195
951,28342484448939,203.5,172.5,168.667,194.667
952,28342499953284,203.667,172.556,168.667,193.667
953,28342514495268,204.143,170.857,169.667,192.667
954,28342531881297,204.667,170.5,169.5,191.5
955,28342561323096,205.5,170.5,170.333,190.333
956,28342593817947,205.75,166.75,170.667,187.667
957,28342627945866,206.286,165.571,170.333,186.333
958,28342655826984,205.75,164.417,170.333,185.333
959,28342672943661,206,164.5,170.333,184.333
960,28342688032611,204.833,162.667,169,184
961,28342703452500,204.4,162.4,168.667,182.667
962,28342718975286,202.556,162.222,167.5,182.5
963,28342733683590,201.375,162.375,166.333,182.333
964,28342749895902,200.714,161.857,165,182.25
965,28342765302750,199.5,163.5,163.5,182
966,28342780988400,200,162,162.5,181.5
967,28342795905414,198,161.5,160.5,181.5
968,28342828350315,195.667,160.667,159,181
969,28342858028877,193.667,160.556,157.5,180.5
970,28342890116676,192.714,159.857,156.667,179.667
971,28342920827772,192,158.5,155.5,178.5
972,28342953340578,192,158.5,155.5,177.5
973,28342983248586,192,156,156,175
974,28343013987789,192.417,154.75,155.5,174.5
975,28343031380460,192.6,154.3,156.333,173.333
976,28343061523719,194.429,152.5,158,170.5
977,28343095517853,196.7,150.5,159.333,168.333
978,28343124383877,200,149,162.333,165.333
979,28343156818815,204,145.5,165,162.5
980,28343186585829,204.357,144.286,166.333,161.333
981,28343218647519,207.5,142.625,169.8,158.4
982,28343248495857,212.714,139.143,174,154.5
983,28343265210261,214.583,138.083,176.333,153.333
984,28343280703482,216.615,136.769,178,151.333
985,28343295511767,220,135.5,179.333,150
986,28343330829144,220.231,134.231,181.5,148.5
987,28343359411479,224,133,185,145.667
988,28343391688602,227.5,128.5,188.333,142.333
989,28343420787366,228.727,128.091,190.667,140.667
990,28343437366824,230.714,126.643,192,139.333
991,28343468675106,234.636,124.636,195.5,137.5
992,28343484218898,236,126,196.5,136.5
993,28343501244612,236.545,123,198,135.333
994,28343531674503,240,122.5,200.667,133.667
995,28343565479961,242.333,120,204.25,131.5
996,28343592256563,244.538,118.385,205.5,130.5
997,28343623752360,247.667,116.556,208.5,128.5
998,28343639336220,249.167,115.167,210.333,127.333
999,28343654567541,250.714,114.143,212.2,125.6
1000,28343671008192,252.917,112.667,214,124.5
1001,28343688761205,254.4,111,216,122.5
1002,28343718766332,256.333,110,218,121
1003,28343734766019,258.6,108.3,220,119.5
1004,28343749219281,260.714,106.643,221.5,117.5
1005,28343765586411,262.4,105,223.333,116.333
1006,28343780098290,264.333,104,225.8,114.4
1007,28343796017436,268,103,228,112.5
1008,28343811037644,269.5,100.5,230,110.5
1009,28343842391934,271.75,98.5,232.5,109
1010,28343874477978,276,97,236.2,105.6
1011,28343905867611,279.333,92.6667,239.5,102.5
1012,28343937441546,280.455,91.1818,242,100.5
1013,28343967971067,284.5,88.2857,244.5,98
1014,28343998641960,290,85,248.5,95
1015,28344030302079,290.455,83.1818,251.333,92.3333
1016,28344062387772,294,81.5,252.5,91
1017,28344092210595,296,80.5,255.8,88.4
1018,28344111878286,297,80,257.667,86.6667
1019,28344141134109,300.714,75.1429,260.667,83.6667
1020,28344171448467,303,72.8182,263.5,81.5
1021,28344201882246,304.5,72,264.667,79.6667
1022,28344232647531,307.667,68.6667,267.5,77.5
1023,28344265052310,310,66.1818,269.5,75
1024,28344296338479,312,64.1818,271,73
1025,28344327725790,314,64.3333,273.5,72
1026,28344359156733,316.25,61.25,276.5,69.5
1027,28344390920073,319.667,58.6667,279.5,67.5
1028,28344428010864,322.286,57.1429,282.333,65.3333
1029,28344467419821,324.5,55.5,284.5,64
1030,28344499504326,326.643,54.2857,286.667,62.6667
1031,28344530732175,328.455,53,288.5,62
1032,28344562390566,328.357,52.2857,288.5,63
1033,28344594221892,327.667,52.5556,288.5,63.5
1034,28344625262712,328.833,52.1667,289.5,63.5
1035,28344657754998,329.5,52.5,290.667,64.6667
1036,28344687300585,327.333,52.3333,289.5,67.5
1037,28344702240576,326.5,52.6667,288.667,69.3333
1038,28344719974986,326,54,288.5,70.5
1039,28344750365970,325.375,54,288.333,72.3333
1040,28344781015398,324.5,55,288.667,75.6667
1041,28344812113404,324.636,56.1818,290.5,77.5
1042,28344843413019,326,58,292,78
1043,28344873418362,328.6,56,295.5,78
1044,28344889357245,330.273,54.9091,0,0
1045,28344905568963,332.4,54.4,299,77
1046,28344920520510,333.2,54.8,300.667,77.6667
1047,28344937295691,336,54.5,302.5,77.5
1048,28344952398843,336.444,52.8889,304.5,77
1049,28344967535502,338.917,52.6667,306.667,76.6667
1050,28344985108695,340.4,52.2,309,76.5
1051,28345014757503,342.889,51.5556,311.333,76.3333
1052,28345045670532,347.667,50.6667,316.333,75.3333
1053,28345077055413,352.6,50.1,321,74.5
1054,28345108697037,354.571,49.5714,323.5,74
1055,28345139890650,360,49.5,328,74
1056,28345171549554,363,48,332,73.75
1057,28345202386713,368.667,49,336.333,73.6667
1058,28345234051098,369.8,50.2,338,74.25
1059,28345266085599,372.25,51.25,341.333,75.3333
1060,28345296515679,375,50.5,344.5,76.5
1061,28345327771068,379.333,52.3333,348.333,77.3333
1062,28345343786928,380.4,52.8,350.333,77.6667
1063,28345374535554,384,53.5,351.5,78.5
1064,28345406197671,385.667,54.3333,355.5,80.5
1065,28345436583741,389.5,57,360,81.5
1066,28345468027752,393.5,56.6,363.5,82.5
1067,28345498800138,395.5,56.5,366,83
1068,28345515506874,397.667,58.3333,368.5,83.5
1069,28345531008681,400,59,370.5,83.5
1070,28345549409802,402.429,58.4286,372.5,84
1071,28345564031733,404.083,58.4167,374.5,84.5
1072,28345579425621,406.375,59.125,376.5,85
1073,28345608695187,409.5,60.4,379.5,86
1074,28345640576328,410.333,62,381.5,86.5
1075,28345672120833,413.667,62.6667,384,88.25
1076,28345703519781,416.417,64.3333,386.5,89.5
1077,28345719249144,418,65.2857,388.333,90.3333
1078,28345749520410,419,68,389.333,90.6667
1079,28345767282414,420.636,66.6364,390.5,91.5
1080,28345781816622,422,68,391.5,92.5
1081,28345797543798,422.583,68.3333,392.5,93.5
1082,28345812822126,423.333,70.3333,393.5,94.5
1083,28345827839553,424.375,69.75,395.333,95.3333
1084,28345847702481,425.5,70.5,396.5,96
1085,28345874699997,428,71.5,397.5,96.5
1086,28345904758530,429,73,0,0
1087,28345920266088,432,73.5,0,0
1088,28345936755555,431.25,74.4167,403,100
1089,28345953221451,432.4,74.7,403.667,100.333
1090,28345967512524,433.2,75.8,405,101
1091,28345983945642,434.9,76.3,406.333,101.667
1092,28345999546620,435.5,76.5,407.333,102.333
1093,28346014375317,436.714,77.1429,408.333,103.333
1094,28346030167185,437.333,78.3333,409.333,104.333
1095,28346064441930,438,79,410,106
1096,28346093067411,439.5,80.5,411.5,107.5
1097,28346109886332,439.25,81.5,412.5,108.5
1098,28346126330412,440.5,82.25,413.5,109.5
1099,28346143123116,441.333,82.8333,414,110.5
1100,28346171513508,441.333,84.3333,414.75,112
1101,28346187020823,442,86.5,415.5,114
1102,28346202124488,441.3,86.7,415,115
1103,28346219371953,441.5,88.5,416.333,117.333
1104,28346235231429,441,92,416.667,118.667
1105,28346250476358,442,92,417,120.5
1106,28346280890670,441.5,92.5,417.333,122.333
1107,28346310825597,440.5,96.25,417.5,126.5
1108,28346343764085,440,102,417.5,130.5
1109,28346359313709,439,101.5,418,132.5
1110,28346375946060,439.7,102.9,418,134
1111,28346391503082,439.333,104.667,418,136
1112,28346407416126,438.462,106.385,418,138.5
1113,28346436255312,437.5,108.5,417.667,140.667
1114,28346467966623,435.571,113,417,145.5
1115,28346500091223,436,115.5,416.75,149
1116,28346531808366,433.2,118.8,416.333,151.333
1117,28346561488953,431,124,415.5,156
1118,28346592742371,429.5,124.5,414.75,159
1119,28346625549882,427,130,414,163
1120,28346655381021,425,130.286,413.333,165.333
1121,28346687572527,424,133.5,411.5,170
1122,28346719006062,419.333,136.333,410,173
1123,28346748750639,415,140,408.333,177.333
1124,28346779752741,413,141.5,407.5,178.5
1125,28346812084134,411,144.5,405.5,182.5
1126,28346828353173,409.167,146.333,405,183.5
1127,28346845811184,410,147.5,404.5,185.5
1128,28346862455604,406.667,149,404,187
1129,28346889580398,404,152.111,402.5,190
1130,28346905568691,402.556,152.778,402,191.5
1131,28346920950537,401.2,154.8,401.333,192.333
1132,28346951421171,400.462,154.615,400.75,193
1133,28346968117944,399.333,156.556,400.5,194
1134,28346984779995,398.6,156.7,399.75,195
1135,28347000186708,397.333,158.667,399,196.5
1136,28347014941182,395,159.5,398.5,197.5
1137,28347034978935,394.417,160.333,397.5,198.5
1138,28347061694112,394,161,397,199.5
1139,28347092797977,0,0,395.5,201
1140,28347125724612,389.5,166.5,394,204.5
1141,28347154833555,388,169.5,392,207.5
1142,28347186254751,385.667,170.667,391,208.5
1143,28347218165835,383,176,389,212
1144,28347249757374,382,177.5,387.5,214.5
1145,28347280256061,378.462,180.615,385.333,218.333
1146,28347311350827,377.5,182.5,384.5,219.5
1147,28347342443379,375.167,186.5,382.667,222.667
1148,28347358268754,373,187.5,381.5,224.5
1149,28347374548566,373.667,190,381,226.5
1150,28347389751078,371.2,190.2,380.5,227.5
1151,28347404798313,370.769,192.538,379.5,229.5
1152,28347421376475,369.333,194.333,378.667,230.667
1153,28347438933927,368.75,196.375,377.5,232.5
1154,28347468310548,368,200,377,234
1155,28347486207120,366.714,199.143,376.25,236
1156,28347499321803,0,0,375.333,238.333
1157,28347514926966,364.714,203.143,374.5,239.5
1158,28347532250571,364,203.333,373.5,241.5
1159,28347562182528,362.462,206.615,372.75,243
1160,28347577464393,361.667,208.333,372,244.5
1161,28347592825638,360.385,210.385,371.333,246.333
1162,28347610355685,359.333,212.556,370.333,248.333
1163,28347626421846,358.308,213.923,369,250
1164,28347655142043,356.6,216.7,367.667,252.667
1165,28347672476691,355.333,218.667,367,254.5
1166,28347703824177,354.091,219.818,366,255.5
1167,28347734317653,352,222.4,364.333,258.333
1168,28347763836996,350.143,224.857,362.667,261.333
1169,28347781215438,349.8,226.2,361.5,262.5
1170,28347796588158,348.357,228.5,361,263.5
1171,28347812760267,347,227,360.333,264.667
1172,28347842554713,346.5,230.714,359,266
1173,28347858885528,346,234,358.667,267.333
1174,28347873867801,344.875,233,358,268
1175,28347890477904,344,236,357.25,269
1176,28347904871469,344,236,356.333,270.333
1177,28347920849367,342.357,236.5,355.5,271.5
1178,28347936405849,341.5,240,355,272.5
1179,28347953071815,342,239.5,354.333,274.333
1180,28347969199671,339.667,240.333,353,275.5
1181,28347999404274,339.5,242.5,352.667,277.333
1182,28348031413368,337.917,244.833,351.5,280
1183,28348061121117,336.3,248.3,350.333,282.667
1184,28348092887508,0,0,349.667,284.333
1185,28348124136525,334.462,252.385,349,286.5
1186,28348155387648,334,256,348,289.5
1187,28348186932423,332.25,258.417,347.5,293
1188,28348218276669,331.75,260.75,347,295
1189,28348248779757,330.308,264.385,346.5,298
1190,28348280018838,329,270,345.667,301.333
1191,28348311373992,328.167,270.5,345,304
1192,28348342047234,327.7,272.1,344.5,305.5
1193,28348373450745,327,275,344,308.5
1194,28348390220661,326.455,276.636,0,0
1195,28348406366364,325.7,278.7,344,312
1196,28348423633647,325.333,280.667,0,0
1197,28348438439178,324.667,282.5,343,315.5
1198,28348453081602,323.5,284.5,342.5,317
1199,28348467723486,323.375,286.75,342,318
1200,28348483436973,323,287,0,0
1201,28348500165309,321.667,288.333,0,0
1202,28348530436089,321.375,290.75,0,0
1203,28348561751742,319.333,292.667,338,325.5
1204,28348582146165,318.4,294.3,337,326.5
1205,28348607901735,317.889,294.556,336.333,327.667
1206,28348640460684,316.308,298.385,334.25,331
1207,28348671381381,314.286,301.857,332,334.5
1208,28348702732593,312.636,304.545,329.5,337.5
1209,28348734386637,311.333,306.667,328.5,339.5
1210,28348749381033,310,310,327,341
1211,28348780887252,307.5,310.5,324.333,344.333
1212,28348796244663,306.583,312.25,322.5,345.5
1213,28348810959771,306,312.167,320.5,347
1214,28348827459174,304.286,313.857,318.667,347.667
1215,28348842462939,303,316,316.5,348.5
1216,28348858872702,302.286,313.857,314.333,348.667
1217,28348889757030,301,316,312.5,349
1218,28348920709884,299.909,314.636,309,350.5
1219,28348939320336,300,315.5,307.333,351.333
1220,28348952722434,298,318,305,351.5
1221,28348968470994,297.333,316.556,303.333,352.333
1222,28348983595692,296.462,316.385,301.5,352.5
1223,28349000465886,295.5,316.5,299.5,352.5
1224,28349015864985,294.333,316.5,298,353
1225,28349045973468,294,318,295.5,353
1226,28349076978135,290.538,318.385,291.667,354.667
1227,28349092807317,290.333,319.667,289.667,355.667
1228,28349108148798,287.5,320.5,287.667,356.667
1229,28349124111360,288,321.5,285.667,357.667
1230,28349139864078,284.5,322.5,283.667,358.667
1231,28349172350829,284,323.5,281.667,359.667
1232,28349202435444,279,326,277,361.5
1233,28349234462250,276.5,326.5,273.5,362.5
1234,28349265465243,274.583,327.167,270.5,363.5
1235,28349296231230,271,330,266.333,363.667
1236,28349313963912,269.5,328.6,264,364.25
1237,28349342973414,266.462,328.615,259.5,364.5
1238,28349374937364,264,329.5,254.5,365.5
1239,28349404871832,261,328,252.5,365.5
1240,28349421521517,259,329,250.5,365
1241,28349436510648,258.444,328.778,248,364.5
1242,28349452904535,257.5,328.5,246,363.5
1243,28349467552683,255.667,328.556,243.5,363
1244,28349484562953,256,327.5,241.5,362.5
1245,28349502277113,252.857,326.857,239.333,361.333
1246,28349530297254,251.667,326.556,237.5,360.5
1247,28349562400362,248.667,324.5,233.5,358.5
1248,28349593055568,246.444,320.778,229.5,354.5
1249,28349609421375,246,319.5,227.667,352.333
1250,28349624232738,243.2,316.2,225.667,350.333
1251,28349640442593,242.6,314.7,224.25,348
1252,28349671041180,241.5,311,222.333,345.667
1253,28349703570078,239.8,308.8,219.4,340.2
1254,28349733908763,237.5,302.5,216.5,334
1255,28349764536213,236.75,300.375,215,330.5
1256,28349795902194,235.8,294.8,212.6,324.8
1257,28349827727985,234.286,287.857,210.6,317.8
1258,28349860302729,233.333,280.667,209,310
1259,28349889962391,233.2,276.2,208.4,306.2
1260,28349921048355,233.8,270.8,207,298.5
1261,28349952914538,233,266,206.5,291.5
1262,28349985952224,233.5,256.5,206,284.5
1263,28350014106042,234.333,252.556,205.6,280.2
1264,28350030311172,234.3,250.3,205.667,276.667
1265,28350045296442,235.8,246.2,206,273
1266,28350062090361,237,244,206.5,269.5
1267,28350092879892,237.5,236.5,207.5,262.5
1268,28350109391310,238.5,232.4,208,259
1269,28350140251446,240.583,227.833,209.667,252.667
1270,28350172952766,241.667,224.667,210.667,249.667
1271,28350203483394,243.3,220.4,212.333,245.333
1272,28350232865469,244.231,216.615,213.667,242.333
1273,28350249263676,246,216,214.5,241.5
1274,28350264979296,244.333,214.133,215,242
1275,28350279982818,243,213.5,215,241
1276,28350295732215,244.615,212.769,216.333,241.333
1277,28350312560181,244.545,212.182,218,241
1278,28350344286882,244,214,218,241.5
1279,28350375499044,242.417,212.333,219,243.5
1280,28350405562221,242,216,220.25,246
1281,28350421132284,241.5,214.5,221,248
1282,28350451676682,240.429,216.5,221.75,250
1283,28350468061065,239.2,218.8,222.5,252.5
1284,28350483107274,238.286,219.857,223,254.5
1285,28350500109633,240,221.5,224,256.5
1286,28350515087748,238.364,222.636,224.5,257.5
1287,28350530203131,238.538,224.385,225.667,259.667
1288,28350547268967,238.3,226.3,226.5,261.5
1289,28350576573093,237.2,228.8,227,264
1290,28350607994991,237.333,230.667,228.333,267.333
1291,28350623811456,238.143,232.571,229,268.5
1292,28350655757289,240,233.5,230,269.5
1293,28350688912182,239.3,234.1,230.667,270.667
1294,28350717757956,240.231,234.385,231.5,270.5
1295,28350750221865,242,236,232.5,270
1296,28350781292061,243.5,232.6,234,268.5
1297,28350812546100,244.714,231.143,234.5,267.5
1298,28350848319399,247,228.5,236.333,264.333
1299,28350874106370,250.385,224.385,238.667,260.667
1300,28350906352470,253.5,220.5,241.5,256.5
1301,28350921598479,255,218.818,242.667,254.667
1302,28350937388565,256.75,216.667,244.333,252.333
1303,28350967600350,258.615,214.615,246.5,250
1304,28350999964143,262.5,210.5,249.333,246.333
1305,28351031464719,264.571,208.286,252.5,243.5
1306,28351061803647,267.5,206.5,254.5,241.5
1307,28351092896253,270.455,203.182,257.667,238.667
1308,28351123795944,274.6,200.7,261,236
1309,28351155018879,277,202,264,235
1310,28351172979171,280,199.5,265,234.5
1311,28351186538949,280.455,198.545,266.5,234
1312,28351217813805,281.333,198.556,268,233
1313,28351249825410,284.286,197.857,270,232.5
1314,28351281444300,288,197.5,272,232
1315,28351311457122,287.889,198.778,273,232.5
1316,28351327350375,288.538,198.615,273,232.5
1317,28351359493038,289.1,198.7,273.5,233
1318,28351391322555,290.308,200.385,274,234.5
1319,28351421318475,290,206,0,0
1320,28351453361238,288.667,208.5,273,243
1321,28351483013421,288,214,0,0
1322,28351498955787,287.8,214.8,272,248.5
1323,28351515308958,286.545,216.364,272,250.5
1324,28351531423827,285.8,218.2,271,254
1325,28351545722622,284.333,222.5,270,257.5
1326,28351561076847,282.7,226.5,269,260.5
1327,28351577391111,281.8,228.2,268,264
1328,28351594645677,279.8,232.2,267,267.5
1329,28351624163157,277.2,236.8,266,270.5
1330,28351656540882,274.286,241.857,263.667,276.667
1331,28351686924981,271.833,246.667,260.5,283
1332,28351704296295,269.5,250.5,259.25,285.75
1333,28351734950934,267,256,257.667,288.667
1334,28351765446543,263.8,258.2,254.333,294.333
1335,28351796743593,258.857,264.571,250.5,300
1336,28351828515303,255,268.818,247,304.5
1337,28351859701356,253.5,270.5,245.5,306.5
1338,28351889936334,249.8,274.2,242.333,310.333
1339,28351906061085,247.8,276.2,240.5,313
1340,28351922195961,246,278.5,239,315
1341,28351937701737,243.25,280.5,238,316.5
1342,28351967551236,242.7,282.7,236,319.5
1343,28351983634326,240.818,284.545,234.5,321
1344,28352000219940,239.8,286.2,234,322.5
1345,28352014755390,237.5,288.5,232,324.5
1346,28352030811048,236.5,290.5,231,326.5
1347,28352045883528,235,294,230,327.5
1348,28352062188180,233,293.5,228.667,329.667
1349,28352077294572,232.692,294.538,227.667,330.667
1350,28352092925115,231.667,296.333,226.667,332.667
1351,28352108908899,230.2,297.7,225.5,333.5
1352,28352125817460,230,299.5,224.667,335.667
1353,28352141547120,228,300.5,224,336.5
1354,28352171438685,227,304,223,337.5
1355,28352202038433,225,303.714,221,340
1356,28352217595401,224.7,304.7,221,341
1357,28352250820116,224,308,220.5,342
1358,28352280939534,223,310,219,344
1359,28352312521299,222.444,308.778,219,345.5
1360,28352342925567,221.909,310.636,218.5,347
1361,28352374065612,0,0,218.5,347.5
1362,28352405190348,220.857,312.857,218,349.5
1363,28352436457617,220.545,314.182,217.667,350.333
1364,28352467641375,220,316,0,0
1365,28352499761250,219,318,217,352
1366,28352531044098,218.429,317,216,353.5
1367,28352561864949,217.143,318,215.5,354
1368,28352592951561,215.714,318.429,214.5,355.5
1369,28352611031463,215.5,320.5,214,356.5
1370,28352640291660,215.5,320.5,213.5,356.5
1371,28352670472692,213.8,322.2,212.5,358
1372,28352701976616,214,323.5,211.5,359
1373,28352718216792,211.909,324.364,211,360
1374,28352732919291,211.5,324.5,210,360.5
1375,28352749243356,210.143,324.857,210,361
1376,28352767120947,209,328,208.5,361.5
1377,28352780137944,208.667,326.5,208,362.5
1378,28352813137371,207.667,326.667,207,362.5
1379,28352843400375,206,330,205,364
1380,28352875194738,204.462,328.615,203.667,364.667
1381,28352905159905,204,330,203,365.5
1382,28352922184917,204,329.5,202,365.5
1383,28352936647602,202,332,202,366
1384,28352952526302,200.727,330.364,200.333,366.333
1385,28352967943545,199.909,330.364,199.5,366.5
1386,28352983646772,198.818,330.545,198.5,366.5
1387,28352999487807,197.5,330.5,197.5,366.5
1388,28353016578321,197,332,196.5,366
1389,28353033494388,198,329.5,196,365
1390,28353061123839,196,330,195,365.5
1391,28353076772796,195.333,328.833,194.5,365
1392,28353092820165,194.727,328.364,194,364.5
1393,28353109190319,194.286,327.857,194,364.5
1394,28353124989072,196,327.5,194,363
1395,28353139833051,195.111,326.222,194,362.5
1396,28353156004863,195,328,194.5,362
1397,28353186215973,196.2,324.7,196,361
1398,28353203207559,198,323.5,196.5,360
1399,28353233998008,199,320,199,357.5
1400,28353265554906,201.5,320.5,200.5,356.5
1401,28353296778057,206,316.167,204.333,353.333
1402,28353327105051,209,313,208.667,349.667
1403,28353342822534,212.444,312.222,211,348
1404,28353358573335,214.385,310.385,213.333,346.333
1405,28353379287249,216.769,308.769,215.5,344.5
1406,28353406731885,220,308,217,343.5
1407,28353436993539,223.667,304.333,221.5,340.5
1408,28353467650662,227.444,302.222,225.333,338.333
1409,28353499293987,231.5,300.5,228.5,336
1410,28353530485089,234,299.5,230.333,335.333
1411,28353547129293,234.636,298.364,231.5,334.5
1412,28353562894404,238,298,233,333.5
1413,28353592477197,240,296.5,236,331.5
1414,28353625096464,242.571,292.5,238.5,329
1415,28353658729257,245.333,290.444,241.5,326.5
1416,28353687006600,247.111,288.556,242.5,325.5
1417,28353718563039,249.5,286.5,245,322.5
1418,28353734074944,252,286,246.333,321.333
1419,28353749598432,254,283.5,247.5,320
1420,28353766409739,254.4,282.4,249,318.5
1421,28353781457568,256.2,280.9,250.333,317.333
1422,28353796102530,257,280.429,251.667,315.667
1423,28353826914633,259.5,278.5,253.5,314.5
1424,28353859220403,262.333,276.5,256,312.5
1425,28353890736882,265.5,276.5,259,311.5
1426,28353920999292,266.538,274.615,260.333,310.333
1427,28353952070838,270,274,262.667,309.333
1428,28353967986771,270.286,272.5,263.5,308.5
1429,28353983213718,270.778,272.333,264.5,308
1430,28354001953446,272,272,265.5,308
1431,28354031577171,273,274,266.5,307.5
1432,28354061580516,273,274,267,307.5
1433,28354093159122,274,274,267.5,308
1434,28354124260152,274,272.818,267.5,308.5
1435,28354156892676,273.909,274.364,267.333,310.333
1436,28354187930310,274,276,267,311
1437,28354218415281,272.714,277.143,266.333,313.333
1438,28354249829754,272,280.6,266,316
1439,28354281304977,271.8,282.2,265.667,318.667
1440,28354311092835,271.5,284.5,265.667,320.667
1441,28354343796045,270.5,288.5,265,324.5
1442,28354373793261,269,292.2,264.5,327.5
1443,28354390556724,268.286,293.857,263.5,329.5
1444,28354421475153,266.4,296.1,261,332
1445,28354453552530,264.6,296.9,260.5,333
1446,28354482760725,261.5,298.5,257.333,334.333
1447,28354500478962,259.333,300,256,335
1448,28354529758275,256.231,300.385,252,336.5
1449,28354546050399,254.444,300.778,250.333,337.333
1450,28354562756514,252.583,302.083,248.5,338
1451,28354593732453,250.462,302.615,246.667,338.667
1452,28354627407393,246.5,304.5,243,340.5
1453,28354656754638,242.556,306.222,239,341.5
1454,28354687275681,240,307.5,235.667,343.333
1455,28354718756547,236.5,308.333,233.5,344.5
1456,28354749998517,233,310.5,230.333,346.333
1457,28354781267784,229.5,312.5,227,348.5
1458,28354813163478,226.125,314,224,349.5
1459,28354843792683,224.714,315.143,222.667,350.667
1460,28354873742271,221.5,316.8,219.667,352.667
1461,28354906232100,219.1,318.7,217.5,354.5
1462,28354937776146,215.25,320.5,215,357.5
1463,28354967955180,215.25,322.5,213.5,358.5
1464,28354984164468,214,326,212.5,359.5
1465,28355016154824,211.667,326.333,210.5,362
1466,28355046665364,209.857,328.571,209,364.5
1467,28355080532085,207.5,332.5,207.5,368
1468,28355108151573,208,334,207,369.5
1469,28355125268331,206.143,334.857,206,371
1470,28355142009006,199,353,205.667,372.333
1471,28355156861652,205.75,338.5,205,373
1472,28355171663997,206,339.5,204.667,375.333
1473,28355186361447,203.667,340.444,204,376.5
1474,28355202958347,203.333,342.167,203.5,377.5
1475,28355217927012,204,343.5,203,378.5
1476,28355234139837,201.667,344.556,202.5,380
1477,28355265632394,202,345.5,202,381
1478,28355281577595,200.333,346.5,201.333,382.333
1479,28355298991920,200,350,201,383.5
1480,28355314466511,199.429,348.714,200.5,384.5
1481,28355343893028,198,350.111,200,385
1482,28355361036678,197.5,352.5,199.5,386.5
1483,28355390264205,196,353.286,198,388.5
1484,28355421760515,193.667,354.833,196.333,390.333
1485,28355451813270,191.5,356.5,194.5,392
1486,28355484377241,192,357.5,193.5,392.5
1487,28355506419960,188.3,358.7,191.333,394.333
1488,28355530874103,188,359.5,190,395
1489,28355546566017,185.5,360.5,189,395.5
1490,28355562238329,186,361.5,187.667,396.667
1491,28355577220791,183.5,362.5,186.5,397.5
1492,28355592385827,181,362.5,185.5,398.5
1493,28355609638827,180.333,364.5,184,399
1494,28355639366205,180,365.5,183,400.5
1495,28355671858761,176.286,367.857,180.667,402.667
1496,28355703171552,174,372,178,404.5
1497,28355718636126,172.636,370.818,177,405.5
1498,28355749534386,171.5,372.5,175.667,406.667
1499,28355779949832,168.636,374.364,174,409
1500,28355797062621,168,376,172.333,410.333
1501,28355811793686,165.5,376.5,171,412
1502,28355827750632,166,377.5,169.667,412.667
1503,28355842643724,164,380,168.5,413.5
1504,28355858693982,161.5,380.5,167.5,414.5
1505,28355874222951,160.714,381.143,166,415.5
1506,28355891868126,159.2,382.2,165,416.5
1507,28355922143577,158,383.286,163.5,417.5
1508,28355953683222,155.667,386,161,419.5
1509,28355983353846,153.667,386.556,160,420.5
1510,28356000117687,154,387.5,158.667,421.667
1511,28356015376629,151.2,388.2,157.5,422.5
1512,28356030180135,149,389.5,156.5,423.5
1513,28356061922577,147.667,390.667,154.333,425.333
1514,28356093203643,145.5,392.5,152.5,427
1515,28356124457034,146,393.5,151.5,428
1516,28356156100332,141,395.5,149,429.5
1517,28356186841776,139.5,398,147,431.5
1518,28356203198322,140,397.5,146,432
1519,28356219290052,137.5,398.5,145,432.5
1520,28356235077627,138,399.5,144,433.5
1521,28356250708791,135.667,399,142.667,433.667
1522,28356265756161,133.5,400.5,141.5,434.5
1523,28356281971173,133.429,400.714,140.5,435
1524,28356312457359,132,400.8,0,0
1525,28356327308709,129,402,138.5,435.5
1526,28356345632070,130,401,137.5,436
1527,28356360757065,128.455,402.364,136,436.5
1528,28356376163859,127.5,402.5,135,436.5
1529,28356390756657,125.25,403.5,133.667,437.333
1530,28356421584366,126,403.5,132.5,438
1531,28356452390340,121,405,130,439.5
1532,28356469148430,122,405.5,128.5,440
1533,28356485187294,119.5,406.5,127,440.5
1534,28356500810790,118,407,126,441
1535,28356516869769,116.429,407.143,124.333,441.667
1536,28356531969897,115.667,407.333,122.5,442
1537,28356562701459,113.5,408.5,121.5,442.5
1538,28356593868396,110.429,409.143,118.5,443.5
1539,28356625528731,107.5,410.5,115.5,444.5
1540,28356654901950,105.571,411,114,445
1541,28356686886096,104,412,110.5,446
1542,28356718484196,97,414,107.5,447
1543,28356750109809,95.5,414.5,103.667,448.333
1544,28356779904633,93.5,416,102.5,449
1545,28356812769519,90.8889,416.556,99.5,450.5
1546,28356849493407,87.6667,418.833,97,452.5
1547,28356875118918,85.5,420.5,94.5,454
1548,28356890100759,86,421.5,94,455
1549,28356907068288,83.3333,422.167,92.3333,455.667
1550,28356923224143,81.6667,422.833,91.5,456.5
1551,28356952581054,82,423.5,90.3333,457.333
1552,28356983038161,79.625,424.75,89,458.5
1553,28356999007365,77,426,88,459.5
1554,28357015117779,77.5,426.5,87.5,460.5
1555,28357030159236,78,427.5,86.6667,461.333
1556,28357046055216,76.4286,428.857,86.3333,461.667
1557,28357077256254,75.8571,429,85.6667,462.333
1558,28357096253265,76,430,86,463
1559,28357124700249,75.3333,430.167,85,464
1560,28357155182601,75.4286,430.714,85,464.5
1561,28357187190858,76,431.5,85.3333,464.667
1562,28357202553831,75,432,0,0
1563,28357217222661,76.4286,431.143,86.6667,465.333
1564,28357233257772,77.5,430.5,88,465.5
1565,28357249264371,80,431.5,90,465
1566,28357264519371,79,431.5,90.6667,464.667
1567,28357281326277,81.5,430.5,92,463.5
1568,28357295771142,83.4286,428.714,93.5,462.5
1569,28357312307454,86,427.5,95.3333,461.333
1570,28357343406243,85,426,96.5,460
1571,28357375253364,91.1429,422.429,100.5,456
1572,28357406680878,95.5,418.5,105.333,452.333
1573,28357422917247,98.1818,416.455,108,450.5
1574,28357453398870,100.545,414.455,110.333,448.333
1575,28357470026091,103,412.5,113,446
1576,28357500242574,109,407,118.333,442.333
1577,28357532228583,116.231,404.231,125,438.5
1578,28357563665061,119.2,402.2,128.333,436.333
1579,28357593511347,126.25,398.333,134.667,432.667
1580,28357628030037,134,394,140.667,428.667
1581,28357656750828,140.083,388.333,147.333,423.333
1582,28357688255778,143,386.5,150.5,421
1583,28357717453767,150.571,380.143,156.667,416.667
1584,28357733500623,153.5,378.5,160.25,414
1585,28357764950385,160.545,374.636,166.5,410
1586,28357796025792,167.5,370.5,172.5,406
1587,28357828129359,170.769,368.769,176,404.5
1588,28357857989226,178,366,182.667,400.667
1589,28357890555168,184.625,361.375,188.667,396.667
1590,28357920889101,190.818,356.545,194.667,392.667
1591,28357952232915,194,354,198,390.5
1592,28357984218870,200.455,350.364,204,386.5
1593,28358015100687,206.769,346.769,210.333,382.333
1594,28358046417582,213.5,342.5,216.333,378.333
1595,28358064347391,216.375,340.75,219.8,375.8
1596,28358092638936,220.4,338.1,223,373.667
1597,28358125767126,227.5,332.5,229.333,368.333
1598,28358155937574,234.571,326.143,235.333,363.333
1599,28358187469281,240.714,321.143,241,357.667
1600,28358218724805,243.2,318.8,243.5,354
1601,28358249651658,249.2,312.8,248.5,348
1602,28358284457979,256.5,304,253.667,341
1603,28358313175503,261,299,257.667,335.667
1604,28358342963091,264.714,297.143,259.5,333
1605,28358374949640,269.8,292.2,263.667,328.667
1606,28358405678880,274.667,288.667,267.5,324
1607,28358437075209,282,282.182,271.6,318.2
1608,28358467859178,284.286,281,273.5,315.5
1609,28358499360240,290.5,276,278.333,310.333
1610,28358531464941,296.222,272.444,282.333,306.333
1611,28358563021569,302.286,269,286.5,302
1612,28358592753402,306,266.5,289,299.5
1613,28358625009195,312.5,260,293.5,293.5
1614,28358655757848,318.182,256.455,297.333,287.333
1615,28358686392723,324.75,250.417,301.5,281
1616,28358717429520,328.214,248.071,304.5,277
1617,28358734996584,332.182,244.455,307.167,273
1618,28358750958714,336.778,240.111,310,268.75
1619,28358766192087,338.5,238.7,312.6,265.2
1620,28358781819444,342.818,234.545,315.5,261.5
1621,28358798391045,346.182,232.455,318.2,258.2
1622,28358813514420,350,229,320.833,255
1623,28358842736817,352.6,226.6,323.8,251.8
1624,28358874590067,360,220,329.5,245
1625,28358890460100,362.615,218.538,332.5,241.5
1626,28358906626053,368,215.5,335,238.5
1627,28358921886561,368.818,212.545,337.667,235.667
1628,28358936725464,372.286,210.357,340.333,232.333
1629,28358953384383,374.917,208.667,343,229.5
1630,28358968543317,378.333,206.5,346.333,226.333
1631,28359000332955,381.857,203.714,349,223.5
1632,28359032087844,387.857,198.857,354,218
1633,28359062176158,392.286,195.143,0,0
1634,28359094147290,396.444,192.222,362.5,211
1635,28359124074765,398.357,190.286,364.333,209.333
1636,28359155585115,402.444,187.444,368.333,206.333
1637,28359186726159,405.5,184.5,372.5,203
1638,28359217629900,409.5,180.5,375.5,200
1639,28359249930540,410.6,179.1,377.5,198.5
1640,28359267303069,414,177.5,379.667,197
1641,28359283810680,414,178,381.5,196
1642,28359295876494,414.5,174.714,382.333,195.667
1643,28359312707133,414.286,173.857,382.5,196
1644,28359328915476,416,173.5,383.5,196
1645,28359344217159,415.333,172.667,384.5,196
1646,28359358813521,415,170.5,385.667,195.667
1647,28359375827301,416.455,170.545,386.5,195.5
1648,28359391262310,416,170.545,387.5,196.5
1649,28359421272756,414.545,170.455,388.333,197.333
1650,28359453126762,414,171.5,389.333,200.667
1651,28359469722015,412.4,170.9,390.333,201.333
1652,28359484668621,412.7,170.2,391.5,201.5
1653,28359500142483,413.167,170.5,392.5,201.5
1654,28359515967210,414,169.5,393.5,202.5
1655,28359546520383,411.667,170.333,394.333,203.667
1656,28359577344906,409.3,172.1,395.5,206.5
1657,28359593064765,408.545,172.455,396.333,207.333
1658,28359610869294,408.5,172.25,397,207.5
1659,28359641189052,407.9,172.3,397.667,207.667
1660,28359672011469,406.6,172.7,398.5,209.5
1661,28359702390384,403.2,176.8,399,212.5
1662,28359734312835,402,180,399,216
1663,28359769302054,398.364,182.364,399,219.5
1664,28359800036370,396.714,185.143,398.5,221.5
1665,28359827243460,392.231,190.231,396.5,226.5
1666,28359846751392,389,190.5,394.667,227.667
1667,28359874499670,387.8,192.2,392.5,229.5
1668,28359890247231,384.4,194.4,390.5,230.5
1669,28359906395121,380.429,196.429,388,231.75
1670,28359921767625,378.111,198.222,385,233.5
1671,28359936354348,374.5,199,381.8,235.4
1672,28359952346178,371.25,200.5,378.25,236.75
1673,28359968451705,366.909,202.364,374.2,238.6
1674,28359984239199,362.6,204.6,371,240.5
1675,28359998563266,356.917,207.167,367,242.5
1676,28360016199855,354,210,363,244.833
1677,28360046700162,350,212,359.2,246.6
1678,28360076841342,341.75,215.25,350,250.5
1679,28360093958046,336,218,346,252.5
1680,28360108973745,330.889,218.778,341.8,254.4
1681,28360124704863,326.933,221,338,256.167
1682,28360140676794,322.833,222.667,334.2,257.6
1683,28360156111668,318.867,224.533,330.333,259.333
1684,28360187583408,314.091,226.364,326.667,260.667
1685,28360218628818,307.5,228.5,318.667,263.667
1686,28360250633106,302,231.5,312.333,266.333
1687,28360282001031,297.5,232.5,309.5,267.5
1688,28360298821410,294.3,233.5,306.5,268.5
1689,28360311228882,292.4,234.4,304,269
1690,28360327897116,290.727,234.636,302.5,269.5
1691,28360344336444,290,235.5,300.5,270
1692,28360360093455,287,238,299,270.5
1693,28360375151598,286,238,297.5,270.5
1694,28360390477554,284.4,236.3,296.667,270.667
1695,28360406205054,284,238,295.5,270.5
1696,28360422895914,283,251,294.5,270.5
1697,28360453010904,284,235.5,293.5,270.5
1698,28360467760410,0,0,292.667,270.333
1699,28360483213212,282,235.5,291.5,270.5
1700,28360498585554,279,238,290.333,270.667
1701,28360514273661,278.6,236.3,288.667,271.333
1702,28360530013284,278,238,288,272.5
1703,28360547342991,276.692,238.615,287.333,273.667
1704,28360561390497,276.4,240.3,287.5,275
1705,28360577247327,276.7,240.7,287.667,276.333
1706,28360610744337,278,244,288.5,277
1707,28360639791045,282,244,292.5,277
1708,28360657078902,284.636,240.818,295,276.5
1709,28360686824721,286.6,240.6,297.667,275.667
1710,28360701799353,0,0,299.667,274.667
1711,28360719010962,291.9,238.3,301.667,273.667
1712,28360733718186,293.667,236.667,303.333,272.333
1713,28360764952920,295.3,232.4,303,268
1714,28360796115267,294.909,230.727,302.333,266.333
1715,28360828475739,292.3,226.7,299.333,263.333
1716,28360860010848,288.083,226.417,294,262.5
1717,28360889816121,280.5,226.5,287,263
1718,28360922599089,276.5,226.8,282.5,263.5
1719,28360953750042,268.6,227,274.5,263.5
1720,28360983569922,260.4,226.4,265.8,262.6
1721,28361014669521,254,225.5,258,262
1722,28361047482918,242.273,226.091,249,262.5
1723,28361078044839,238.6,226.6,244.75,263.25
1724,28361109068946,230.4,228.4,236.333,265.333
1725,28361140160283,222.625,232.25,228.333,268.333
1726,28361156912514,218.75,233,225,269.667
1727,28361172257667,214.833,235.833,221.667,271.667
1728,28361188431531,210.429,237.857,217.8,274.4
1729,28361219425938,207,240,214.667,276.667
1730,28361248649577,202.182,244.455,210,280
1731,28361280382731,198.083,248.5,0,0
1732,28361313259065,196.615,250.615,0,0
1733,28361344256685,195.3,254.3,0,0
1734,28361373775407,196.3,255.5,205,292
1735,28361392027245,197.5,256.5,207,292
1736,28361420658774,204,255.5,210.667,291.667
1737,28361437726500,204.769,254.615,213.667,290.667
1738,28361454096654,210,253.5,216.667,289.667
1739,28361470001571,211.2,252.8,219.333,288.333
1740,28361483881380,214.6,250.6,223,286.667
1741,28361515234698,218.714,248.643,226.5,285
1742,28361531233602,222.846,246.615,230.5,283
1743,28361546766621,226.833,245.833,234,282
1744,28361561690682,230.286,244.357,237.5,281
1745,28361577586743,236,243.5,0,0
1746,28361610169290,238.286,242.5,245,279
1747,28361640259521,245.5,240.5,0,0
1748,28361671880733,254,240,0,0
1749,28361703671613,256.6,238.6,0,0
1750,28361720152845,260.5,238.5,0,0
1751,28361734417701,264.4,238.4,271.5,274
1752,28361749288950,267.846,238.385,275.2,274.4
1753,28361766088890,270.846,238.462,278.5,274.5
1754,28361780638110,274.6,238.6,281.8,274.6
1755,28361795852313,278.5,238.833,285.5,274.5
1756,28361813954814,282.333,238.867,289,275
1757,28361828446200,0,0,292.667,275.333
1758,28361843691291,290,239,296,275.25
1759,28361858257386,292.5,239,298.8,275.4
1760,28361891498598,0,0,302.5,275.5
1761,28361922751665,301,241,308.5,275
1762,28361938141125,305.1,238.7,311.5,274.5
1763,28361953332972,308.615,238.769,314.5,274.5
1764,28361968669647,311.5,238.5,317.5,274.5
1765,28361984773932,316,239.5,320.5,275
1766,28362016293840,318,240.545,324.333,275.667
1767,28362046873122,0,0,330,277
1768,28362077819685,329.5,242.5,336,277.75
1769,28362108379662,332.4,242.6,339,278.25
1770,28362139863795,338.357,244.286,344.5,279.5
1771,28362158054964,340.6,244.6,347.5,280.5
1772,28362173161248,0,0,350,281
1773,28362188249874,346,248,352.5,281.5
1774,28362202803576,348.286,246.5,354.667,282.333
1775,28362218889015,350.6,246.7,356.667,282.667
1776,28362233774871,352.4,248.3,358.667,283.333
1777,28362265283169,354.5,248.286,361,283.75
1778,28362295920015,358.4,248.6,364.667,284.333
1779,28362328320474,362.182,248.545,368.333,284.667
1780,28362345741468,363.2,248.2,370.333,284.667
1781,28362375209295,0,0,371.667,285.333
1782,28362407647095,368.5,250.286,374.667,285.667
1783,28362437831367,370,251,378,286.5
1784,28362468670686,374.5,252.5,381,288.5
1785,28362498876342,375.889,252.556,382.333,288.667
1786,28362515128398,0,0,384,289.5
1787,28362530431242,378.556,254.222,385,289
1788,28362548471859,380.4,254.4,386.667,290.333
1789,28362563181081,381.5,254.5,388.5,290.5
1790,28362578148828,383.5,256.5,389.5,290.5
1791,28362592788957,386,255.5,391,291.5
1792,28362609334287,386,258,392.5,291.5
1793,28362626162037,387.333,256.667,393.667,292.333
1794,28362642629364,388.455,256.636,395,292.5
1795,28362671992215,390,260,396.5,293.5
1796,28362702557916,392,262,398.667,295.333
1797,28362734472834,393.6,260.9,400.333,296.667
1798,28362764512710,395.625,262.25,403,298.5
1799,28362782680848,397.333,264.667,404.333,299.667
1800,28362812505561,399.333,266.667,406.667,302.333
1801,28362842790975,401.625,268.25,409.5,304.5
1802,28362874768317,403.1,270.3,410.5,305.5
1803,28362906216270,405.5,272.5,413,307.5
1804,28362936571236,407.333,274.667,415,309
1805,28362952566792,407,276,416.333,310.667
1806,28362968162613,408.538,276.385,417,311.5
1807,28362984424362,409.667,276.444,417.667,312.333
1808,28363000259106,412,277.5,418.667,313.333
1809,28363015361502,411.5,278.5,419.5,313.5
1810,28363045832190,411.5,278.5,420,314.5
1811,28363077310086,413,282,422,316
1812,28363108362840,413.667,280.333,422.5,316
1813,28363141445238,414.143,280.857,423,316.5
1814,28363155379965,416,281.5,423,318
1815,28363171470453,415.333,282.667,424,318
1816,28363187389545,415.5,284.5,424,318.5
1817,28363203348975,416,286,424.5,319
1818,28363219021341,415.667,284.333,425,319.5
1819,28363234129650,416.6,284.7,425.5,320.5
1820,28363248968985,418,285.5,425.5,321
1821,28363281477363,417.333,286.667,426,321.5
1822,28363311776115,418,290,427,322.5
1823,28363344054345,418.538,288.615,427.667,324.333
1824,28363374441009,420,289.5,428.333,324.667
1825,28363407069564,420.462,290.615,429.667,326.333
1826,28363436655003,421.75,292.417,0,0
1827,28363469122341,424,294.5,433,328.5
1828,28363500382941,425,296,435,329
1829,28363530527253,426.538,293.923,436.333,329.333
1830,28363562144172,428.538,294.615,438.5,329.5
1831,28363594214610,432,295.5,441.5,330.5
1832,28363625395317,433.556,296.222,444.333,330.667
1833,28363655239632,434.778,296.333,445.5,331
1834,28363686726330,437.333,296.556,448.5,331.5
1835,28363717679562,440.444,296.778,451,331.5
1836,28363749480459,444,297.5,453.5,332.5
1837,28363780570716,443.8,298.2,455.333,332.667
1838,28363798233468,445.333,298.667,456.5,333.5
1839,28363811815980,446.5,298.714,457.667,333.333
1840,28363827360015,447.5,298.5,459,333.5
1841,28363844801313,448.917,298.333,460.5,333.5
1842,28363859294724,450.083,298.417,0,0
1843,28363875571566,451.333,298.667,462.667,333.333
1844,28363905410805,452.5,298.714,463.5,333.5
1845,28363937261814,454.455,298.636,466,333.5
1846,28363974419160,456.538,298.615,468.333,333.667
1847,28363999737276,458.6,298.6,470,333.5
1848,28364030810280,459.5,298.5,470.667,333.333
1849,28364061658671,461.333,298.667,472.667,333.333
1850,28364092882578,462.769,298.385,474.333,333.333
1851,28364125162401,464.308,298.385,475.333,332.667
1852,28364158539855,465,298.6,476.5,332.5
1853,28364187274956,0,0,477,332.5
1854,28364219187876,468,297.5,478,331
1855,28364250198807,467.25,296.583,478.5,331.5
1856,28364280792426,467.667,296.333,479,331.5
1857,28364313018222,468.333,296.133,479,332
1858,28364344420815,468.286,295.857,479,330.5
1859,28364374561293,468.455,294.636,479.5,329.5
1860,28364405061627,468.538,294.615,479,329
1861,28364437163574,468.538,294.385,0,0
1862,28364453279145,469.333,294.167,479,329
1863,28364468027409,469.667,294.333,479.5,328.5
1864,28364484753720,470,296,480.333,328.667
1865,28364500414746,472,294,480.667,328.333
1866,28364515072668,470.714,293.143,481.333,328.333
1867,28364531481378,471.5,292.6,481.667,328.333
1868,28364548665582,471.9,292.7,482.5,328
1869,28364563796274,472.643,292.5,483.5,327.5
1870,28364577773661,473.5,292.5,484,327
1871,28364609234250,474.2,291.7,484.5,327.5
1872,28364639730858,476,292,485.667,326.333
1873,28364671830321,478,289.5,486.5,325
1874,28364707165248,477.083,288.167,488,324
1875,28364735463327,477,288,487.5,322.5
1876,28364764369473,478,286,488,320.5
1877,28364795977023,478.286,283.857,488,319.5
1878,28364812406982,478.714,283.143,488,318.5
1879,28364843988801,478.583,282.25,488,317
1880,28364876164134,480,279.5,487.5,315.5
1881,28364906764854,479,280,487.5,313.5
1882,28364937066171,479,277,488,313.5
1883,28364968575900,480.429,276.286,489.5,312.5
1884,28364999972364,482,278,490.667,311.333
1885,28365031861713,483,276,492,309.5
1886,28365062758569,482.8,268.2,491.5,304.5
1887,28365093227718,483.429,267,490.667,302.333
1888,28365124759020,480.667,260.5,487.5,296
1889,28365154966998,476.182,252.545,482.5,289
1890,28365191848323,470.545,244.636,475.833,280.667
1891,28365219531747,467.375,240.75,472.5,277
1892,28365251684265,460.4,232,465.2,268.8
1893,28365280314012,454.833,226.333,458.667,262.333
1894,28365311755053,449.5,220.5,453.5,257
1895,28365344255709,447,219,451.4,254.2
1896,28365375832587,444.455,212.364,447.667,249.333
1897,28365406820730,442.25,208.75,445,244.5
1898,28365437148102,439.2,202.2,442.5,239.5
1899,28365469499934,439.8,200.8,441.5,236.5
1900,28365499388448,437.2,194.8,439.6,230.8
1901,28365517208232,437.8,190.2,438.6,227.8
1902,28365532310871,436.667,188.5,437.6,224.8
1903,28365547007592,436,188,436.75,222
1904,28365562156833,435.5,182.5,436,219.5
1905,28365577884414,434.545,180.364,435,216.5
1906,28365595222653,433.2,178.8,434.4,215.2
1907,28365624579942,433.111,176.444,433.333,212.667
1908,28365656776119,431.5,172.5,431.667,209.333
1909,28365687899802,430.5,168.5,430.5,205.5
1910,28365717547071,429.889,166.556,429.667,204.333
1911,28365734230425,429.2,164.2,429,202.5
1912,28365750105453,430,164,428.5,200.5
1913,28365765196725,428.857,162.143,428,199
1914,28365797192103,428.4,158.4,427,195.5
1915,28365827353938,428.231,154.385,426.25,192
1916,28365858847359,428.308,152.615,426,190
1917,28365874335099,428.308,150.385,425.667,188.333
1918,28365890885829,428.333,148.5,425,185.5
1919,28365905913408,428.5,146.5,424.5,183.5
1920,28365921275166,428.714,143.143,424.4,181.2
1921,28365937675452,429.8,140.2,424,178.5
1922,28365951971736,429.429,139,423.667,176.333
1923,28365969527217,429,138,423.5,173
1924,28365986222586,429,131,423,171
1925,28366015630311,431,132,423,168.5
1926,28366030088811,429.556,128.778,422.5,166.5
1927,28366046768358,429.556,126.778,422.5,164.5
1928,28366078823217,430.462,122.615,422.25,160
1929,28366109052687,430.643,120.5,422.25,158
1930,28366141134951,431.333,116.667,422.667,154.333
1931,28366171675839,434,112.5,423.5,150.5
1932,28366186783014,434.5,110.5,424,148
1933,28366203358584,435.8,108.2,424.667,145.667
1934,28366219654110,436.545,106.636,425.5,144
1935,28366234977366,437.333,104.667,426,141.5
1936,28366250189976,438.769,102.769,426.5,139.5
1937,28366266060360,440.231,100.385,427.5,137
1938,28366296005115,441.5,98.5,428.333,135.333
1939,28366328046312,443.5,94.5,430,131
1940,28366358384997,445.5,92.5,431,128.5
1941,28366375886370,446.571,90.5,432,126.5
1942,28366391419524,448.429,88.5,433,124
1943,28366422542451,451.5,84.5,435,120
1944,28366454228031,454.364,80.6364,437,116.5
1945,28366484369778,0,0,439.667,112.667
1946,28366501160619,459,78,441.333,110.333
1947,28366515048636,460.667,74.5,442.333,109.333
1948,28366547675517,462.333,72.5,443.5,107.5
1949,28366577201097,465.5,70.5,446.5,105
1950,28366609221774,468.333,68.5,448.667,102.667
1951,28366627161708,0,0,450.667,101.333
1952,28366656019524,471.5,66.5,451.5,100.5
1953,28366688555253,473.8,64.8,454,99
1954,28366717734099,476.286,63.8571,455.5,97.5
1955,28366734070368,477.333,62.6667,456.667,96.6667
1956,28366748959815,478.545,62.4545,457.5,95.5
1957,28366766755299,479,60.5,458.5,95.5
1958,28366796599236,480.286,61.8571,459.5,94.5
1959,28366827463341,482,61,460.5,94.5
1960,28366859864907,482.273,60.5455,461.667,94.3333
1961,28366876751868,482.769,60.7692,462.333,94.3333
1962,28366906728564,483.333,60.6667,462.333,94.3333
1963,28366921659564,482.6,60.9,462.667,94.6667
1964,28366952330079,484,61.5,463,95
1965,28366970731497,482,62.25,463.333,96.3333
1966,28366999118730,481.091,62.6364,464,97
1967,28367030753550,482,63.5,463.5,98.5
1968,28367062635960,480,65.5,463.25,101
1969,28367093419389,478.167,66.5,463.5,102.5
1970,28367125294617,477.333,66.5556,463,104
1971,28367142209307,477.5,66.5,0,0
1972,28367172248508,477.5,66.5,463.5,102.5
1973,28367207046486,478.286,65.8571,464.333,102.333
1974,28367233817769,480,65.5,464.5,101.5
1975,28367266439844,479.333,64.6667,465,101.5
1976,28367296013052,479.333,64.4444,465.5,101.5
1977,28367327181096,479.333,64.5556,0,0
1978,28367359092855,480,64.5455,465.5,100.5
1979,28367390303127,479.2,64.8,465.5,100.5
1980,28367422969077,480.25,64.375,465.5,100.5
1981,28367453187396,482,63.5,465.667,100.333
1982,28367470027215,482,63.5,466,99
1983,28367485850052,480.429,63.8571,465.5,99.5
1984,28367515297170,482,63.5,465,98.5
1985,28367546367690,480.5,63,464.667,98.6667
1986,28367577752193,479.667,62.6667,464,98.5
1987,28367611735797,479.333,62.6667,463.5,98.5
1988,28367641071594,478.333,63.3333,462.333,98.6667
1989,28367656029027,477.5,64.5,461.5,99.5
1990,28367687860245,475,63.5,461,99
1991,28367717753430,473.5,64.5,459,102
1992,28367749514367,471,68,457.5,102.5
1993,28367780811660,468.286,67.8571,455.5,104.5
1994,28367798399082,466.538,68.6154,454.5,105.5
1995,28367827208784,466,69.5,453.5,106.5
1996,28367846264385,462.545,70.6364,451.667,108.667
1997,28367874404946,458.231,74.2308,448.667,111.667
1998,28367891278623,456.286,75.8571,447.5,113.5
1999,28367920983753,454.4,76.4,445.5,114.5
2000,28367953360992,450.615,78.5385,442.5,116.5
